link,country,year,trade_country,percentage,trade_type,retrieved
/the-world-factbook/countries/afghanistan,Afghanistan,2019,United Arab Emirates,0.45,exports,2023-03-31
/the-world-factbook/countries/afghanistan,Afghanistan,2019,Pakistan,0.24,exports,2023-03-31
/the-world-factbook/countries/afghanistan,Afghanistan,2019,India,0.22,exports,2023-03-31
/the-world-factbook/countries/afghanistan,Afghanistan,2019,China,0.01,exports,2023-03-31
/the-world-factbook/countries/albania,Albania,2019,Italy,0.45,exports,2023-03-31
/the-world-factbook/countries/albania,Albania,2019,Spain,0.08,exports,2023-03-31
/the-world-factbook/countries/albania,Albania,2019,Germany,0.06,exports,2023-03-31
/the-world-factbook/countries/albania,Albania,2019,Greece,0.05,exports,2023-03-31
/the-world-factbook/countries/albania,Albania,2019,France,0.04,exports,2023-03-31
/the-world-factbook/countries/albania,Albania,2019,China,0.04,exports,2023-03-31
/the-world-factbook/countries/algeria,Algeria,2019,Italy,0.13,exports,2023-03-31
/the-world-factbook/countries/algeria,Algeria,2019,France,0.13,exports,2023-03-31
/the-world-factbook/countries/algeria,Algeria,2019,Spain,0.12,exports,2023-03-31
/the-world-factbook/countries/algeria,Algeria,2019,United States,0.07,exports,2023-03-31
/the-world-factbook/countries/algeria,Algeria,2019,United Kingdom,0.07,exports,2023-03-31
/the-world-factbook/countries/algeria,Algeria,2019,India,0.05,exports,2023-03-31
/the-world-factbook/countries/algeria,Algeria,2019,South Korea,0.05,exports,2023-03-31
/the-world-factbook/countries/american-samoa,American Samoa,2017,Australia,0.25,exports,2023-03-31
/the-world-factbook/countries/american-samoa,American Samoa,2017,Ghana,0.19,exports,2023-03-31
/the-world-factbook/countries/american-samoa,American Samoa,2017,Indonesia,0.06,exports,2023-03-31
/the-world-factbook/countries/american-samoa,American Samoa,2017,Burma,0.04,exports,2023-03-31
/the-world-factbook/countries/american-samoa,American Samoa,2017,Portugal,0.01,exports,2023-03-31
/the-world-factbook/countries/andorra,Andorra,2019,Spain,0.4,exports,2023-03-31
/the-world-factbook/countries/andorra,Andorra,2019,France,0.19,exports,2023-03-31
/the-world-factbook/countries/andorra,Andorra,2019,United States,0.11,exports,2023-03-31
/the-world-factbook/countries/andorra,Andorra,2019,Mauritania,0.05,exports,2023-03-31
/the-world-factbook/countries/angola,Angola,2019,China,0.62,exports,2023-03-31
/the-world-factbook/countries/angola,Angola,2019,India,0.1,exports,2023-03-31
/the-world-factbook/countries/angola,Angola,2019,United Arab Emirates,0.04,exports,2023-03-31
/the-world-factbook/countries/angola,Angola,2019,Portugal,0.03,exports,2023-03-31
/the-world-factbook/countries/angola,Angola,2019,Spain,0.03,exports,2023-03-31
/the-world-factbook/countries/antigua-and-barbuda,Antigua and Barbuda,2019,Poland,0.37,exports,2023-03-31
/the-world-factbook/countries/antigua-and-barbuda,Antigua and Barbuda,2019,Suriname,0.33,exports,2023-03-31
/the-world-factbook/countries/antigua-and-barbuda,Antigua and Barbuda,2019,United Arab Emirates,0.08,exports,2023-03-31
/the-world-factbook/countries/argentina,Argentina,2019,Brazil,0.16,exports,2023-03-31
/the-world-factbook/countries/argentina,Argentina,2019,China,0.11,exports,2023-03-31
/the-world-factbook/countries/argentina,Argentina,2019,United States,0.07,exports,2023-03-31
/the-world-factbook/countries/argentina,Argentina,2019,Chile,0.05,exports,2023-03-31
/the-world-factbook/countries/armenia,Armenia,2019,Russia,0.22,exports,2023-03-31
/the-world-factbook/countries/armenia,Armenia,2019,Switzerland,0.2,exports,2023-03-31
/the-world-factbook/countries/armenia,Armenia,2019,China,0.07,exports,2023-03-31
/the-world-factbook/countries/armenia,Armenia,2019,Bulgaria,0.06,exports,2023-03-31
/the-world-factbook/countries/armenia,Armenia,2019,Iraq,0.05,exports,2023-03-31
/the-world-factbook/countries/armenia,Armenia,2019,Serbia,0.05,exports,2023-03-31
/the-world-factbook/countries/armenia,Armenia,2019,Netherlands,0.05,exports,2023-03-31
/the-world-factbook/countries/armenia,Armenia,2019,Germany,0.05,exports,2023-03-31
/the-world-factbook/countries/aruba,Aruba,2019,Malaysia,0.57,exports,2023-03-31
/the-world-factbook/countries/aruba,Aruba,2019,United States,0.11,exports,2023-03-31
/the-world-factbook/countries/aruba,Aruba,2019,Netherlands,0.06,exports,2023-03-31
/the-world-factbook/countries/aruba,Aruba,2019,Jordan,0.06,exports,2023-03-31
/the-world-factbook/countries/aruba,Aruba,2019,Venezuela,0.05,exports,2023-03-31
/the-world-factbook/countries/australia,Australia,2019,China,0.39,exports,2023-03-31
/the-world-factbook/countries/australia,Australia,2019,Japan,0.15,exports,2023-03-31
/the-world-factbook/countries/australia,Australia,2019,South Korea,0.07,exports,2023-03-31
/the-world-factbook/countries/australia,Australia,2019,India,0.05,exports,2023-03-31
/the-world-factbook/countries/austria,Austria,2019,Germany,0.28,exports,2023-03-31
/the-world-factbook/countries/austria,Austria,2019,United States,0.07,exports,2023-03-31
/the-world-factbook/countries/austria,Austria,2019,Italy,0.06,exports,2023-03-31
/the-world-factbook/countries/austria,Austria,2019,Switzerland,0.05,exports,2023-03-31
/the-world-factbook/countries/azerbaijan,Azerbaijan,2017,Italy,0.28,exports,2023-03-31
/the-world-factbook/countries/azerbaijan,Azerbaijan,2017,Turkey,0.15,exports,2023-03-31
/the-world-factbook/countries/azerbaijan,Azerbaijan,2017,Israel,0.07,exports,2023-03-31
/the-world-factbook/countries/azerbaijan,Azerbaijan,2017,Germany,0.05,exports,2023-03-31
/the-world-factbook/countries/azerbaijan,Azerbaijan,2017,India,0.05,exports,2023-03-31
/the-world-factbook/countries/bahamas-the,"Bahamas, The",2020,Singapore,0.16,exports,2023-03-31
/the-world-factbook/countries/bahamas-the,"Bahamas, The",2020,United States,0.16,exports,2023-03-31
/the-world-factbook/countries/bahamas-the,"Bahamas, The",2020,Poland,0.13,exports,2023-03-31
/the-world-factbook/countries/bahamas-the,"Bahamas, The",2020,Germany,0.12,exports,2023-03-31
/the-world-factbook/countries/bahamas-the,"Bahamas, The",2020,Ecuador,0.1,exports,2023-03-31
/the-world-factbook/countries/bahrain,Bahrain,2019,United Arab Emirates,0.31,exports,2023-03-31
/the-world-factbook/countries/bahrain,Bahrain,2019,Saudi Arabia,0.12,exports,2023-03-31
/the-world-factbook/countries/bahrain,Bahrain,2019,Japan,0.08,exports,2023-03-31
/the-world-factbook/countries/bahrain,Bahrain,2019,United States,0.08,exports,2023-03-31
/the-world-factbook/countries/bangladesh,Bangladesh,2019,United States,0.15,exports,2023-03-31
/the-world-factbook/countries/bangladesh,Bangladesh,2019,Germany,0.14,exports,2023-03-31
/the-world-factbook/countries/bangladesh,Bangladesh,2019,United Kingdom,0.08,exports,2023-03-31
/the-world-factbook/countries/bangladesh,Bangladesh,2019,Spain,0.07,exports,2023-03-31
/the-world-factbook/countries/bangladesh,Bangladesh,2019,France,0.07,exports,2023-03-31
/the-world-factbook/countries/barbados,Barbados,2019,United States,0.21,exports,2023-03-31
/the-world-factbook/countries/barbados,Barbados,2019,Poland,0.14,exports,2023-03-31
/the-world-factbook/countries/barbados,Barbados,2019,Jamaica,0.08,exports,2023-03-31
/the-world-factbook/countries/barbados,Barbados,2019,Guyana,0.06,exports,2023-03-31
/the-world-factbook/countries/barbados,Barbados,2019,Trinidad and Tobago,0.06,exports,2023-03-31
/the-world-factbook/countries/belarus,Belarus,2019,Russia,0.42,exports,2023-03-31
/the-world-factbook/countries/belarus,Belarus,2019,Ukraine,0.13,exports,2023-03-31
/the-world-factbook/countries/belarus,Belarus,2019,United Kingdom,0.07,exports,2023-03-31
/the-world-factbook/countries/belgium,Belgium,2019,Germany,0.17,exports,2023-03-31
/the-world-factbook/countries/belgium,Belgium,2019,France,0.14,exports,2023-03-31
/the-world-factbook/countries/belgium,Belgium,2019,Netherlands,0.13,exports,2023-03-31
/the-world-factbook/countries/belgium,Belgium,2019,United Kingdom,0.08,exports,2023-03-31
/the-world-factbook/countries/belgium,Belgium,2019,United States,0.06,exports,2023-03-31
/the-world-factbook/countries/belgium,Belgium,2019,Italy,0.05,exports,2023-03-31
/the-world-factbook/countries/belize,Belize,2019,United Kingdom,0.27,exports,2023-03-31
/the-world-factbook/countries/belize,Belize,2019,United States,0.24,exports,2023-03-31
/the-world-factbook/countries/belize,Belize,2019,Spain,0.06,exports,2023-03-31
/the-world-factbook/countries/belize,Belize,2019,Jamaica,0.05,exports,2023-03-31
/the-world-factbook/countries/belize,Belize,2019,Ireland,0.05,exports,2023-03-31
/the-world-factbook/countries/benin,Benin,2019,Nigeria,0.25,exports,2023-03-31
/the-world-factbook/countries/benin,Benin,2019,Bangladesh,0.14,exports,2023-03-31
/the-world-factbook/countries/benin,Benin,2019,United Arab Emirates,0.14,exports,2023-03-31
/the-world-factbook/countries/benin,Benin,2019,India,0.13,exports,2023-03-31
/the-world-factbook/countries/benin,Benin,2019,China,0.08,exports,2023-03-31
/the-world-factbook/countries/benin,Benin,2019,Vietnam,0.05,exports,2023-03-31
/the-world-factbook/countries/bermuda,Bermuda,2017,Jamaica,0.01,exports,2023-03-31
/the-world-factbook/countries/bermuda,Bermuda,2017,Luxembourg,0.01,exports,2023-03-31
/the-world-factbook/countries/bermuda,Bermuda,2017,United States,0.09,exports,2023-03-31
/the-world-factbook/countries/bhutan,Bhutan,2019,India,0.94,exports,2023-03-31
/the-world-factbook/countries/bolivia,Bolivia,2019,Argentina,0.16,exports,2023-03-31
/the-world-factbook/countries/bolivia,Bolivia,2019,Brazil,0.15,exports,2023-03-31
/the-world-factbook/countries/bolivia,Bolivia,2019,United Arab Emirates,0.12,exports,2023-03-31
/the-world-factbook/countries/bolivia,Bolivia,2019,India,0.1,exports,2023-03-31
/the-world-factbook/countries/bolivia,Bolivia,2019,United States,0.06,exports,2023-03-31
/the-world-factbook/countries/bolivia,Bolivia,2019,South Korea,0.05,exports,2023-03-31
/the-world-factbook/countries/bolivia,Bolivia,2019,Peru,0.05,exports,2023-03-31
/the-world-factbook/countries/bolivia,Bolivia,2019,Colombia,0.05,exports,2023-03-31
/the-world-factbook/countries/bosnia-and-herzegovina,Bosnia and Herzegovina,2019,Germany,0.14,exports,2023-03-31
/the-world-factbook/countries/bosnia-and-herzegovina,Bosnia and Herzegovina,2019,Italy,0.12,exports,2023-03-31
/the-world-factbook/countries/bosnia-and-herzegovina,Bosnia and Herzegovina,2019,Croatia,0.11,exports,2023-03-31
/the-world-factbook/countries/bosnia-and-herzegovina,Bosnia and Herzegovina,2019,Serbia,0.11,exports,2023-03-31
/the-world-factbook/countries/bosnia-and-herzegovina,Bosnia and Herzegovina,2019,Austria,0.09,exports,2023-03-31
/the-world-factbook/countries/bosnia-and-herzegovina,Bosnia and Herzegovina,2019,Slovenia,0.08,exports,2023-03-31
/the-world-factbook/countries/botswana,Botswana,2019,India,0.21,exports,2023-03-31
/the-world-factbook/countries/botswana,Botswana,2019,Belgium,0.19,exports,2023-03-31
/the-world-factbook/countries/botswana,Botswana,2019,United Arab Emirates,0.19,exports,2023-03-31
/the-world-factbook/countries/botswana,Botswana,2019,South Africa,0.09,exports,2023-03-31
/the-world-factbook/countries/botswana,Botswana,2019,Israel,0.07,exports,2023-03-31
/the-world-factbook/countries/botswana,Botswana,2019,Hong Kong,0.06,exports,2023-03-31
/the-world-factbook/countries/botswana,Botswana,2019,Singapore,0.05,exports,2023-03-31
/the-world-factbook/countries/brazil,Brazil,2019,China,0.28,exports,2023-03-31
/the-world-factbook/countries/brazil,Brazil,2019,United States,0.13,exports,2023-03-31
/the-world-factbook/countries/british-virgin-islands,British Virgin Islands,2019,Malta,0.3,exports,2023-03-31
/the-world-factbook/countries/british-virgin-islands,British Virgin Islands,2019,Seychelles,0.29,exports,2023-03-31
/the-world-factbook/countries/british-virgin-islands,British Virgin Islands,2019,Switzerland,0.14,exports,2023-03-31
/the-world-factbook/countries/brunei,Brunei,2019,Japan,0.34,exports,2023-03-31
/the-world-factbook/countries/brunei,Brunei,2019,Australia,0.12,exports,2023-03-31
/the-world-factbook/countries/brunei,Brunei,2019,Singapore,0.1,exports,2023-03-31
/the-world-factbook/countries/brunei,Brunei,2019,India,0.08,exports,2023-03-31
/the-world-factbook/countries/brunei,Brunei,2019,Malaysia,0.08,exports,2023-03-31
/the-world-factbook/countries/brunei,Brunei,2019,Thailand,0.07,exports,2023-03-31
/the-world-factbook/countries/brunei,Brunei,2019,China,0.06,exports,2023-03-31
/the-world-factbook/countries/brunei,Brunei,2019,South Korea,0.05,exports,2023-03-31
/the-world-factbook/countries/bulgaria,Bulgaria,2019,Germany,0.16,exports,2023-03-31
/the-world-factbook/countries/bulgaria,Bulgaria,2019,Romania,0.08,exports,2023-03-31
/the-world-factbook/countries/bulgaria,Bulgaria,2019,Italy,0.07,exports,2023-03-31
/the-world-factbook/countries/bulgaria,Bulgaria,2019,Turkey,0.07,exports,2023-03-31
/the-world-factbook/countries/bulgaria,Bulgaria,2019,Greece,0.06,exports,2023-03-31
/the-world-factbook/countries/burkina-faso,Burkina Faso,2019,Switzerland,0.59,exports,2023-03-31
/the-world-factbook/countries/burkina-faso,Burkina Faso,2019,India,0.21,exports,2023-03-31
/the-world-factbook/countries/burma,Burma,2019,China,0.24,exports,2023-03-31
/the-world-factbook/countries/burma,Burma,2019,Thailand,0.24,exports,2023-03-31
/the-world-factbook/countries/burma,Burma,2019,Japan,0.07,exports,2023-03-31
/the-world-factbook/countries/burma,Burma,2019,Germany,0.05,exports,2023-03-31
/the-world-factbook/countries/burundi,Burundi,2019,United Arab Emirates,0.5,exports,2023-03-31
/the-world-factbook/countries/burundi,Burundi,2019,Democratic Republic of the Congo,0.07,exports,2023-03-31
/the-world-factbook/countries/cabo-verde,Cabo Verde,2019,Spain,0.65,exports,2023-03-31
/the-world-factbook/countries/cabo-verde,Cabo Verde,2019,Portugal,0.14,exports,2023-03-31
/the-world-factbook/countries/cabo-verde,Cabo Verde,2019,Italy,0.08,exports,2023-03-31
/the-world-factbook/countries/cambodia,Cambodia,2019,United States,0.21,exports,2023-03-31
/the-world-factbook/countries/cambodia,Cambodia,2019,Singapore,0.08,exports,2023-03-31
/the-world-factbook/countries/cambodia,Cambodia,2019,Thailand,0.08,exports,2023-03-31
/the-world-factbook/countries/cambodia,Cambodia,2019,Germany,0.07,exports,2023-03-31
/the-world-factbook/countries/cambodia,Cambodia,2019,Japan,0.06,exports,2023-03-31
/the-world-factbook/countries/cambodia,Cambodia,2019,China,0.05,exports,2023-03-31
/the-world-factbook/countries/cambodia,Cambodia,2019,Canada,0.05,exports,2023-03-31
/the-world-factbook/countries/cambodia,Cambodia,2019,United Kingdom,0.05,exports,2023-03-31
/the-world-factbook/countries/cameroon,Cameroon,2019,China,0.17,exports,2023-03-31
/the-world-factbook/countries/cameroon,Cameroon,2019,Netherlands,0.14,exports,2023-03-31
/the-world-factbook/countries/cameroon,Cameroon,2019,Italy,0.09,exports,2023-03-31
/the-world-factbook/countries/cameroon,Cameroon,2019,United Arab Emirates,0.08,exports,2023-03-31
/the-world-factbook/countries/cameroon,Cameroon,2019,India,0.07,exports,2023-03-31
/the-world-factbook/countries/cameroon,Cameroon,2019,United States,0.06,exports,2023-03-31
/the-world-factbook/countries/cameroon,Cameroon,2019,Belgium,0.06,exports,2023-03-31
/the-world-factbook/countries/cameroon,Cameroon,2019,Spain,0.05,exports,2023-03-31
/the-world-factbook/countries/cameroon,Cameroon,2019,France,0.05,exports,2023-03-31
/the-world-factbook/countries/canada,Canada,2019,United States,0.73,exports,2023-03-31
/the-world-factbook/countries/cayman-islands,Cayman Islands,2019,Netherlands,0.82,exports,2023-03-31
/the-world-factbook/countries/cayman-islands,Cayman Islands,2019,Spain,0.11,exports,2023-03-31
/the-world-factbook/countries/central-african-republic,Central African Republic,2019,China,0.41,exports,2023-03-31
/the-world-factbook/countries/central-african-republic,Central African Republic,2019,United Arab Emirates,0.19,exports,2023-03-31
/the-world-factbook/countries/central-african-republic,Central African Republic,2019,France,0.07,exports,2023-03-31
/the-world-factbook/countries/chad,Chad,2019,China,0.32,exports,2023-03-31
/the-world-factbook/countries/chad,Chad,2019,United Arab Emirates,0.21,exports,2023-03-31
/the-world-factbook/countries/chad,Chad,2019,India,0.19,exports,2023-03-31
/the-world-factbook/countries/chad,Chad,2019,United States,0.1,exports,2023-03-31
/the-world-factbook/countries/chad,Chad,2019,France,0.06,exports,2023-03-31
/the-world-factbook/countries/chad,Chad,2019,Germany,0.05,exports,2023-03-31
/the-world-factbook/countries/chile,Chile,2019,China,0.32,exports,2023-03-31
/the-world-factbook/countries/chile,Chile,2019,United States,0.14,exports,2023-03-31
/the-world-factbook/countries/chile,Chile,2019,Japan,0.09,exports,2023-03-31
/the-world-factbook/countries/chile,Chile,2019,South Korea,0.07,exports,2023-03-31
/the-world-factbook/countries/china,China,2019,United States,0.17,exports,2023-03-31
/the-world-factbook/countries/china,China,2019,Hong Kong,0.1,exports,2023-03-31
/the-world-factbook/countries/china,China,2019,Japan,0.06,exports,2023-03-31
/the-world-factbook/countries/christmas-island,Christmas Island,2019,Malaysia,0.36,exports,2023-03-31
/the-world-factbook/countries/christmas-island,Christmas Island,2019,New Zealand,0.21,exports,2023-03-31
/the-world-factbook/countries/christmas-island,Christmas Island,2019,Indonesia,0.2,exports,2023-03-31
/the-world-factbook/countries/christmas-island,Christmas Island,2019,Australia,0.1,exports,2023-03-31
/the-world-factbook/countries/cocos-keeling-islands,Cocos (Keeling) Islands,2019,United States,0.57,exports,2023-03-31
/the-world-factbook/countries/cocos-keeling-islands,Cocos (Keeling) Islands,2019,Ireland,0.15,exports,2023-03-31
/the-world-factbook/countries/colombia,Colombia,2019,United States,0.31,exports,2023-03-31
/the-world-factbook/countries/colombia,Colombia,2019,China,0.11,exports,2023-03-31
/the-world-factbook/countries/colombia,Colombia,2019,Panama,0.06,exports,2023-03-31
/the-world-factbook/countries/colombia,Colombia,2019,Ecuador,0.05,exports,2023-03-31
/the-world-factbook/countries/comoros,Comoros,2019,France,0.32,exports,2023-03-31
/the-world-factbook/countries/comoros,Comoros,2019,India,0.23,exports,2023-03-31
/the-world-factbook/countries/comoros,Comoros,2019,Germany,0.1,exports,2023-03-31
/the-world-factbook/countries/comoros,Comoros,2019,Turkey,0.09,exports,2023-03-31
/the-world-factbook/countries/comoros,Comoros,2019,Madagascar,0.07,exports,2023-03-31
/the-world-factbook/countries/congo-democratic-republic-of-the,"Congo, Democratic Republic of the",2019,China,0.53,exports,2023-03-31
/the-world-factbook/countries/congo-democratic-republic-of-the,"Congo, Democratic Republic of the",2019,United Arab Emirates,0.11,exports,2023-03-31
/the-world-factbook/countries/congo-democratic-republic-of-the,"Congo, Democratic Republic of the",2019,Saudi Arabia,0.06,exports,2023-03-31
/the-world-factbook/countries/congo-democratic-republic-of-the,"Congo, Democratic Republic of the",2019,South Korea,0.05,exports,2023-03-31
/the-world-factbook/countries/congo-republic-of-the,"Congo, Republic of the",2019,China,0.49,exports,2023-03-31
/the-world-factbook/countries/congo-republic-of-the,"Congo, Republic of the",2019,United Arab Emirates,0.15,exports,2023-03-31
/the-world-factbook/countries/congo-republic-of-the,"Congo, Republic of the",2019,India,0.06,exports,2023-03-31
/the-world-factbook/countries/congo-republic-of-the,"Congo, Republic of the",2019,Italy,0.05,exports,2023-03-31
/the-world-factbook/countries/cook-islands,Cook Islands,2019,Japan,0.37,exports,2023-03-31
/the-world-factbook/countries/cook-islands,Cook Islands,2019,Thailand,0.21,exports,2023-03-31
/the-world-factbook/countries/cook-islands,Cook Islands,2019,France,0.17,exports,2023-03-31
/the-world-factbook/countries/costa-rica,Costa Rica,2019,United States,0.38,exports,2023-03-31
/the-world-factbook/countries/costa-rica,Costa Rica,2019,Netherlands,0.06,exports,2023-03-31
/the-world-factbook/countries/costa-rica,Costa Rica,2019,Belgium,0.05,exports,2023-03-31
/the-world-factbook/countries/costa-rica,Costa Rica,2019,Guatemala,0.05,exports,2023-03-31
/the-world-factbook/countries/costa-rica,Costa Rica,2019,Panama,0.05,exports,2023-03-31
/the-world-factbook/countries/cote-divoire,Cote d'Ivoire,2019,Netherlands,0.1,exports,2023-03-31
/the-world-factbook/countries/cote-divoire,Cote d'Ivoire,2019,United States,0.06,exports,2023-03-31
/the-world-factbook/countries/cote-divoire,Cote d'Ivoire,2019,France,0.06,exports,2023-03-31
/the-world-factbook/countries/cote-divoire,Cote d'Ivoire,2019,Spain,0.05,exports,2023-03-31
/the-world-factbook/countries/cote-divoire,Cote d'Ivoire,2019,Malaysia,0.05,exports,2023-03-31
/the-world-factbook/countries/cote-divoire,Cote d'Ivoire,2019,Switzerland,0.05,exports,2023-03-31
/the-world-factbook/countries/cote-divoire,Cote d'Ivoire,2019,Germany,0.05,exports,2023-03-31
/the-world-factbook/countries/cote-divoire,Cote d'Ivoire,2019,Vietnam,0.05,exports,2023-03-31
/the-world-factbook/countries/croatia,Croatia,2019,Italy,0.13,exports,2023-03-31
/the-world-factbook/countries/croatia,Croatia,2019,Germany,0.13,exports,2023-03-31
/the-world-factbook/countries/croatia,Croatia,2019,Slovenia,0.1,exports,2023-03-31
/the-world-factbook/countries/croatia,Croatia,2019,Bosnia and Herzegovina,0.09,exports,2023-03-31
/the-world-factbook/countries/croatia,Croatia,2019,Austria,0.06,exports,2023-03-31
/the-world-factbook/countries/croatia,Croatia,2019,Serbia,0.05,exports,2023-03-31
/the-world-factbook/countries/cuba,Cuba,2019,China,0.38,exports,2023-03-31
/the-world-factbook/countries/cuba,Cuba,2019,Spain,0.11,exports,2023-03-31
/the-world-factbook/countries/cuba,Cuba,2019,Netherlands,0.05,exports,2023-03-31
/the-world-factbook/countries/cuba,Cuba,2019,Germany,0.05,exports,2023-03-31
/the-world-factbook/countries/curacao,Curacao,2019,Switzerland,0.27,exports,2023-03-31
/the-world-factbook/countries/curacao,Curacao,2019,United States,0.17,exports,2023-03-31
/the-world-factbook/countries/curacao,Curacao,2019,Spain,0.14,exports,2023-03-31
/the-world-factbook/countries/curacao,Curacao,2019,Ecuador,0.07,exports,2023-03-31
/the-world-factbook/countries/curacao,Curacao,2019,India,0.07,exports,2023-03-31
/the-world-factbook/countries/curacao,Curacao,2019,Antigua and Barbuda,0.05,exports,2023-03-31
/the-world-factbook/countries/cyprus,Cyprus,2019,India,0.09,exports,2023-03-31
/the-world-factbook/countries/cyprus,Cyprus,2019,Greece,0.09,exports,2023-03-31
/the-world-factbook/countries/cyprus,Cyprus,2019,Libya,0.08,exports,2023-03-31
/the-world-factbook/countries/cyprus,Cyprus,2019,United Kingdom,0.07,exports,2023-03-31
/the-world-factbook/countries/czechia,Czechia,2019,Germany,0.31,exports,2023-03-31
/the-world-factbook/countries/czechia,Czechia,2019,Slovakia,0.07,exports,2023-03-31
/the-world-factbook/countries/czechia,Czechia,2019,Poland,0.06,exports,2023-03-31
/the-world-factbook/countries/czechia,Czechia,2019,France,0.05,exports,2023-03-31
/the-world-factbook/countries/denmark,Denmark,2019,Germany,0.14,exports,2023-03-31
/the-world-factbook/countries/denmark,Denmark,2019,United States,0.11,exports,2023-03-31
/the-world-factbook/countries/denmark,Denmark,2019,Sweden,0.1,exports,2023-03-31
/the-world-factbook/countries/denmark,Denmark,2019,United Kingdom,0.07,exports,2023-03-31
/the-world-factbook/countries/denmark,Denmark,2019,Norway,0.06,exports,2023-03-31
/the-world-factbook/countries/denmark,Denmark,2019,Netherlands,0.05,exports,2023-03-31
/the-world-factbook/countries/denmark,Denmark,2019,China,0.05,exports,2023-03-31
/the-world-factbook/countries/djibouti,Djibouti,2019,Saudi Arabia,0.42,exports,2023-03-31
/the-world-factbook/countries/djibouti,Djibouti,2019,India,0.15,exports,2023-03-31
/the-world-factbook/countries/djibouti,Djibouti,2019,China,0.14,exports,2023-03-31
/the-world-factbook/countries/djibouti,Djibouti,2019,Egypt,0.05,exports,2023-03-31
/the-world-factbook/countries/djibouti,Djibouti,2019,South Korea,0.05,exports,2023-03-31
/the-world-factbook/countries/dominica,Dominica,2019,Saudi Arabia,0.47,exports,2023-03-31
/the-world-factbook/countries/dominica,Dominica,2019,Qatar,0.05,exports,2023-03-31
/the-world-factbook/countries/dominican-republic,Dominican Republic,2019,United States,0.54,exports,2023-03-31
/the-world-factbook/countries/dominican-republic,Dominican Republic,2019,Switzerland,0.08,exports,2023-03-31
/the-world-factbook/countries/dominican-republic,Dominican Republic,2019,Canada,0.05,exports,2023-03-31
/the-world-factbook/countries/dominican-republic,Dominican Republic,2019,India,0.05,exports,2023-03-31
/the-world-factbook/countries/dominican-republic,Dominican Republic,2019,China,0.05,exports,2023-03-31
/the-world-factbook/countries/ecuador,Ecuador,2019,United States,0.3,exports,2023-03-31
/the-world-factbook/countries/ecuador,Ecuador,2019,China,0.13,exports,2023-03-31
/the-world-factbook/countries/ecuador,Ecuador,2019,Panama,0.08,exports,2023-03-31
/the-world-factbook/countries/ecuador,Ecuador,2019,Chile,0.07,exports,2023-03-31
/the-world-factbook/countries/egypt,Egypt,2019,United States,0.09,exports,2023-03-31
/the-world-factbook/countries/egypt,Egypt,2019,United Arab Emirates,0.06,exports,2023-03-31
/the-world-factbook/countries/egypt,Egypt,2019,Italy,0.06,exports,2023-03-31
/the-world-factbook/countries/egypt,Egypt,2019,Turkey,0.06,exports,2023-03-31
/the-world-factbook/countries/egypt,Egypt,2019,Saudi Arabia,0.06,exports,2023-03-31
/the-world-factbook/countries/egypt,Egypt,2019,India,0.05,exports,2023-03-31
/the-world-factbook/countries/el-salvador,El Salvador,2019,United States,0.4,exports,2023-03-31
/the-world-factbook/countries/el-salvador,El Salvador,2019,Guatemala,0.15,exports,2023-03-31
/the-world-factbook/countries/el-salvador,El Salvador,2019,Honduras,0.15,exports,2023-03-31
/the-world-factbook/countries/el-salvador,El Salvador,2019,Nicaragua,0.06,exports,2023-03-31
/the-world-factbook/countries/equatorial-guinea,Equatorial Guinea,2019,China,0.34,exports,2023-03-31
/the-world-factbook/countries/equatorial-guinea,Equatorial Guinea,2019,India,0.19,exports,2023-03-31
/the-world-factbook/countries/equatorial-guinea,Equatorial Guinea,2019,Spain,0.11,exports,2023-03-31
/the-world-factbook/countries/equatorial-guinea,Equatorial Guinea,2019,United States,0.07,exports,2023-03-31
/the-world-factbook/countries/eritrea,Eritrea,2017,China,0.62,exports,2023-03-31
/the-world-factbook/countries/eritrea,Eritrea,2017,South Korea,0.03,exports,2023-03-31
/the-world-factbook/countries/estonia,Estonia,2019,Finland,0.13,exports,2023-03-31
/the-world-factbook/countries/estonia,Estonia,2019,Sweden,0.09,exports,2023-03-31
/the-world-factbook/countries/estonia,Estonia,2019,Latvia,0.08,exports,2023-03-31
/the-world-factbook/countries/estonia,Estonia,2019,Russia,0.08,exports,2023-03-31
/the-world-factbook/countries/estonia,Estonia,2019,United States,0.07,exports,2023-03-31
/the-world-factbook/countries/estonia,Estonia,2019,Lithuania,0.06,exports,2023-03-31
/the-world-factbook/countries/estonia,Estonia,2019,Germany,0.06,exports,2023-03-31
/the-world-factbook/countries/eswatini,Eswatini,2017,South Africa,0.94,exports,2023-03-31
/the-world-factbook/countries/ethiopia,Ethiopia,2019,China,0.17,exports,2023-03-31
/the-world-factbook/countries/ethiopia,Ethiopia,2019,United States,0.16,exports,2023-03-31
/the-world-factbook/countries/ethiopia,Ethiopia,2019,United Arab Emirates,0.08,exports,2023-03-31
/the-world-factbook/countries/ethiopia,Ethiopia,2019,Saudi Arabia,0.06,exports,2023-03-31
/the-world-factbook/countries/ethiopia,Ethiopia,2019,South Korea,0.05,exports,2023-03-31
/the-world-factbook/countries/ethiopia,Ethiopia,2019,Germany,0.05,exports,2023-03-31
/the-world-factbook/countries/falkland-islands-islas-malvinas,Falkland Islands (Islas Malvinas),2019,Spain,0.78,exports,2023-03-31
/the-world-factbook/countries/falkland-islands-islas-malvinas,Falkland Islands (Islas Malvinas),2019,United States,0.06,exports,2023-03-31
/the-world-factbook/countries/faroe-islands,Faroe Islands,2017,Russia,0.04,exports,2023-03-31
/the-world-factbook/countries/faroe-islands,Faroe Islands,2017,UK,0.01,exports,2023-03-31
/the-world-factbook/countries/faroe-islands,Faroe Islands,2017,Germany,0.04,exports,2023-03-31
/the-world-factbook/countries/faroe-islands,Faroe Islands,2017,China,0.09,exports,2023-03-31
/the-world-factbook/countries/faroe-islands,Faroe Islands,2017,Spain,0.08,exports,2023-03-31
/the-world-factbook/countries/faroe-islands,Faroe Islands,2017,Denmark,0.02,exports,2023-03-31
/the-world-factbook/countries/faroe-islands,Faroe Islands,2017,United States,0.07,exports,2023-03-31
/the-world-factbook/countries/faroe-islands,Faroe Islands,2017,Poland,0.04,exports,2023-03-31
/the-world-factbook/countries/faroe-islands,Faroe Islands,2017,Norway,0.01,exports,2023-03-31
/the-world-factbook/countries/fiji,Fiji,2019,United States,0.29,exports,2023-03-31
/the-world-factbook/countries/fiji,Fiji,2019,Australia,0.14,exports,2023-03-31
/the-world-factbook/countries/fiji,Fiji,2019,New Zealand,0.07,exports,2023-03-31
/the-world-factbook/countries/fiji,Fiji,2019,Japan,0.06,exports,2023-03-31
/the-world-factbook/countries/fiji,Fiji,2019,Tonga,0.06,exports,2023-03-31
/the-world-factbook/countries/finland,Finland,2019,Germany,0.14,exports,2023-03-31
/the-world-factbook/countries/finland,Finland,2019,Sweden,0.1,exports,2023-03-31
/the-world-factbook/countries/finland,Finland,2019,United States,0.08,exports,2023-03-31
/the-world-factbook/countries/finland,Finland,2019,Netherlands,0.06,exports,2023-03-31
/the-world-factbook/countries/finland,Finland,2019,China,0.06,exports,2023-03-31
/the-world-factbook/countries/finland,Finland,2019,Russia,0.05,exports,2023-03-31
/the-world-factbook/countries/france,France,2019,Germany,0.14,exports,2023-03-31
/the-world-factbook/countries/france,France,2019,United States,0.08,exports,2023-03-31
/the-world-factbook/countries/france,France,2019,Italy,0.07,exports,2023-03-31
/the-world-factbook/countries/france,France,2019,Spain,0.07,exports,2023-03-31
/the-world-factbook/countries/france,France,2019,Belgium,0.07,exports,2023-03-31
/the-world-factbook/countries/france,France,2019,United Kingdom,0.07,exports,2023-03-31
/the-world-factbook/countries/french-polynesia,French Polynesia,2017,Japan,0.01,exports,2023-03-31
/the-world-factbook/countries/french-polynesia,French Polynesia,2017,Hong Kong,0.05,exports,2023-03-31
/the-world-factbook/countries/french-polynesia,French Polynesia,2017,Kyrgyzstan,0.09,exports,2023-03-31
/the-world-factbook/countries/french-polynesia,French Polynesia,2017,United States,0.09,exports,2023-03-31
/the-world-factbook/countries/french-polynesia,French Polynesia,2017,France,0.04,exports,2023-03-31
/the-world-factbook/countries/gabon,Gabon,2019,China,0.63,exports,2023-03-31
/the-world-factbook/countries/gabon,Gabon,2019,Singapore,0.05,exports,2023-03-31
/the-world-factbook/countries/gambia-the,"Gambia, The",2017,China,0.38,exports,2023-03-31
/the-world-factbook/countries/gambia-the,"Gambia, The",2017,India,0.22,exports,2023-03-31
/the-world-factbook/countries/gambia-the,"Gambia, The",2017,Mali,0.07,exports,2023-03-31
/the-world-factbook/countries/gambia-the,"Gambia, The",2017,Chile,0.05,exports,2023-03-31
/the-world-factbook/countries/georgia,Georgia,2019,Russia,0.12,exports,2023-03-31
/the-world-factbook/countries/georgia,Georgia,2019,Azerbaijan,0.12,exports,2023-03-31
/the-world-factbook/countries/georgia,Georgia,2019,Armenia,0.09,exports,2023-03-31
/the-world-factbook/countries/georgia,Georgia,2019,Bulgaria,0.08,exports,2023-03-31
/the-world-factbook/countries/georgia,Georgia,2019,China,0.06,exports,2023-03-31
/the-world-factbook/countries/georgia,Georgia,2019,Turkey,0.06,exports,2023-03-31
/the-world-factbook/countries/georgia,Georgia,2019,Ukraine,0.06,exports,2023-03-31
/the-world-factbook/countries/germany,Germany,2020,United States,0.09,exports,2023-03-31
/the-world-factbook/countries/germany,Germany,2020,China,0.08,exports,2023-03-31
/the-world-factbook/countries/germany,Germany,2020,France,0.08,exports,2023-03-31
/the-world-factbook/countries/germany,Germany,2020,Netherlands,0.06,exports,2023-03-31
/the-world-factbook/countries/germany,Germany,2020,United Kingdom,0.06,exports,2023-03-31
/the-world-factbook/countries/ghana,Ghana,2020,Switzerland,0.23,exports,2023-03-31
/the-world-factbook/countries/ghana,Ghana,2020,United Arab Emirates,0.12,exports,2023-03-31
/the-world-factbook/countries/ghana,Ghana,2020,China,0.12,exports,2023-03-31
/the-world-factbook/countries/ghana,Ghana,2020,India,0.09,exports,2023-03-31
/the-world-factbook/countries/ghana,Ghana,2020,Netherlands,0.05,exports,2023-03-31
/the-world-factbook/countries/gibraltar,Gibraltar,2019,Poland,0.31,exports,2023-03-31
/the-world-factbook/countries/gibraltar,Gibraltar,2019,Netherlands,0.27,exports,2023-03-31
/the-world-factbook/countries/gibraltar,Gibraltar,2019,France,0.11,exports,2023-03-31
/the-world-factbook/countries/gibraltar,Gibraltar,2019,Germany,0.08,exports,2023-03-31
/the-world-factbook/countries/gibraltar,Gibraltar,2019,United States,0.06,exports,2023-03-31
/the-world-factbook/countries/greece,Greece,2019,Italy,0.1,exports,2023-03-31
/the-world-factbook/countries/greece,Greece,2019,Germany,0.07,exports,2023-03-31
/the-world-factbook/countries/greece,Greece,2019,Turkey,0.05,exports,2023-03-31
/the-world-factbook/countries/greece,Greece,2019,Cyprus,0.05,exports,2023-03-31
/the-world-factbook/countries/greece,Greece,2019,Bulgaria,0.05,exports,2023-03-31
/the-world-factbook/countries/greenland,Greenland,2019,Denmark,0.55,exports,2023-03-31
/the-world-factbook/countries/greenland,Greenland,2019,China,0.22,exports,2023-03-31
/the-world-factbook/countries/greenland,Greenland,2019,Japan,0.06,exports,2023-03-31
/the-world-factbook/countries/grenada,Grenada,2019,United States,0.4,exports,2023-03-31
/the-world-factbook/countries/grenada,Grenada,2019,Saint Vincent and the Grenadines,0.07,exports,2023-03-31
/the-world-factbook/countries/grenada,Grenada,2019,Saint Lucia,0.07,exports,2023-03-31
/the-world-factbook/countries/grenada,Grenada,2019,France,0.06,exports,2023-03-31
/the-world-factbook/countries/grenada,Grenada,2019,Netherlands,0.05,exports,2023-03-31
/the-world-factbook/countries/grenada,Grenada,2019,Germany,0.05,exports,2023-03-31
/the-world-factbook/countries/grenada,Grenada,2019,Ireland,0.05,exports,2023-03-31
/the-world-factbook/countries/grenada,Grenada,2019,Antigua and Barbuda,0.05,exports,2023-03-31
/the-world-factbook/countries/guam,Guam,2019,South Korea,0.31,exports,2023-03-31
/the-world-factbook/countries/guam,Guam,2019,Hong Kong,0.27,exports,2023-03-31
/the-world-factbook/countries/guam,Guam,2019,Taiwan,0.18,exports,2023-03-31
/the-world-factbook/countries/guam,Guam,2019,Philippines,0.07,exports,2023-03-31
/the-world-factbook/countries/guatemala,Guatemala,2019,United States,0.33,exports,2023-03-31
/the-world-factbook/countries/guatemala,Guatemala,2019,El Salvador,0.12,exports,2023-03-31
/the-world-factbook/countries/guatemala,Guatemala,2019,Honduras,0.08,exports,2023-03-31
/the-world-factbook/countries/guatemala,Guatemala,2019,Mexico,0.05,exports,2023-03-31
/the-world-factbook/countries/guatemala,Guatemala,2019,Nicaragua,0.05,exports,2023-03-31
/the-world-factbook/countries/guinea,Guinea,2019,United Arab Emirates,0.39,exports,2023-03-31
/the-world-factbook/countries/guinea,Guinea,2019,China,0.36,exports,2023-03-31
/the-world-factbook/countries/guinea,Guinea,2019,India,0.06,exports,2023-03-31
/the-world-factbook/countries/guinea-bissau,Guinea-Bissau,2019,India,0.5,exports,2023-03-31
/the-world-factbook/countries/guinea-bissau,Guinea-Bissau,2019,Belgium,0.28,exports,2023-03-31
/the-world-factbook/countries/guinea-bissau,Guinea-Bissau,2019,Cote d'Ivoire,0.08,exports,2023-03-31
/the-world-factbook/countries/guyana,Guyana,2019,Trinidad and Tobago,0.31,exports,2023-03-31
/the-world-factbook/countries/guyana,Guyana,2019,Canada,0.11,exports,2023-03-31
/the-world-factbook/countries/guyana,Guyana,2019,Portugal,0.11,exports,2023-03-31
/the-world-factbook/countries/guyana,Guyana,2019,Ghana,0.08,exports,2023-03-31
/the-world-factbook/countries/guyana,Guyana,2019,Norway,0.06,exports,2023-03-31
/the-world-factbook/countries/guyana,Guyana,2019,United Arab Emirates,0.05,exports,2023-03-31
/the-world-factbook/countries/haiti,Haiti,2019,United States,0.81,exports,2023-03-31
/the-world-factbook/countries/haiti,Haiti,2019,Canada,0.07,exports,2023-03-31
/the-world-factbook/countries/honduras,Honduras,2019,United States,0.53,exports,2023-03-31
/the-world-factbook/countries/honduras,Honduras,2019,El Salvador,0.08,exports,2023-03-31
/the-world-factbook/countries/honduras,Honduras,2019,Guatemala,0.05,exports,2023-03-31
/the-world-factbook/countries/honduras,Honduras,2019,Nicaragua,0.05,exports,2023-03-31
/the-world-factbook/countries/hong-kong,Hong Kong,2019,China,0.23,exports,2023-03-31
/the-world-factbook/countries/hong-kong,Hong Kong,2019,India,0.14,exports,2023-03-31
/the-world-factbook/countries/hong-kong,Hong Kong,2019,Netherlands,0.06,exports,2023-03-31
/the-world-factbook/countries/hong-kong,Hong Kong,2019,United Kingdom,0.05,exports,2023-03-31
/the-world-factbook/countries/hungary,Hungary,2019,Germany,0.27,exports,2023-03-31
/the-world-factbook/countries/hungary,Hungary,2019,Romania,0.05,exports,2023-03-31
/the-world-factbook/countries/hungary,Hungary,2019,Italy,0.05,exports,2023-03-31
/the-world-factbook/countries/hungary,Hungary,2019,Slovakia,0.05,exports,2023-03-31
/the-world-factbook/countries/iceland,Iceland,2019,Netherlands,0.23,exports,2023-03-31
/the-world-factbook/countries/iceland,Iceland,2019,United Kingdom,0.09,exports,2023-03-31
/the-world-factbook/countries/iceland,Iceland,2019,Germany,0.09,exports,2023-03-31
/the-world-factbook/countries/iceland,Iceland,2019,Spain,0.08,exports,2023-03-31
/the-world-factbook/countries/iceland,Iceland,2019,United States,0.07,exports,2023-03-31
/the-world-factbook/countries/iceland,Iceland,2019,France,0.07,exports,2023-03-31
/the-world-factbook/countries/iceland,Iceland,2019,Canada,0.05,exports,2023-03-31
/the-world-factbook/countries/india,India,2019,United States,0.17,exports,2023-03-31
/the-world-factbook/countries/india,India,2019,United Arab Emirates,0.09,exports,2023-03-31
/the-world-factbook/countries/india,India,2019,China,0.05,exports,2023-03-31
/the-world-factbook/countries/indonesia,Indonesia,2019,China,0.15,exports,2023-03-31
/the-world-factbook/countries/indonesia,Indonesia,2019,United States,0.1,exports,2023-03-31
/the-world-factbook/countries/indonesia,Indonesia,2019,Japan,0.09,exports,2023-03-31
/the-world-factbook/countries/indonesia,Indonesia,2019,Singapore,0.08,exports,2023-03-31
/the-world-factbook/countries/indonesia,Indonesia,2019,India,0.07,exports,2023-03-31
/the-world-factbook/countries/indonesia,Indonesia,2019,Malaysia,0.05,exports,2023-03-31
/the-world-factbook/countries/iran,Iran,2019,China,0.48,exports,2023-03-31
/the-world-factbook/countries/iran,Iran,2019,India,0.12,exports,2023-03-31
/the-world-factbook/countries/iran,Iran,2019,South Korea,0.08,exports,2023-03-31
/the-world-factbook/countries/iran,Iran,2019,Turkey,0.06,exports,2023-03-31
/the-world-factbook/countries/iran,Iran,2019,United Arab Emirates,0.05,exports,2023-03-31
/the-world-factbook/countries/iraq,Iraq,2019,China,0.26,exports,2023-03-31
/the-world-factbook/countries/iraq,Iraq,2019,India,0.24,exports,2023-03-31
/the-world-factbook/countries/iraq,Iraq,2019,South Korea,0.09,exports,2023-03-31
/the-world-factbook/countries/iraq,Iraq,2019,United States,0.08,exports,2023-03-31
/the-world-factbook/countries/iraq,Iraq,2019,Italy,0.06,exports,2023-03-31
/the-world-factbook/countries/iraq,Iraq,2019,Greece,0.06,exports,2023-03-31
/the-world-factbook/countries/ireland,Ireland,2019,United States,0.28,exports,2023-03-31
/the-world-factbook/countries/ireland,Ireland,2019,Belgium,0.1,exports,2023-03-31
/the-world-factbook/countries/ireland,Ireland,2019,Germany,0.1,exports,2023-03-31
/the-world-factbook/countries/ireland,Ireland,2019,UK,0.09,exports,2023-03-31
/the-world-factbook/countries/ireland,Ireland,2019,China,0.05,exports,2023-03-31
/the-world-factbook/countries/ireland,Ireland,2019,Netherlands,0.05,exports,2023-03-31
/the-world-factbook/countries/israel,Israel,2020,United States,0.26,exports,2023-03-31
/the-world-factbook/countries/israel,Israel,2020,China,0.09,exports,2023-03-31
/the-world-factbook/countries/israel,Israel,2020,United Kingdom,0.07,exports,2023-03-31
/the-world-factbook/countries/italy,Italy,2019,Germany,0.12,exports,2023-03-31
/the-world-factbook/countries/italy,Italy,2019,France,0.11,exports,2023-03-31
/the-world-factbook/countries/italy,Italy,2019,United States,0.1,exports,2023-03-31
/the-world-factbook/countries/italy,Italy,2019,United Kingdom,0.05,exports,2023-03-31
/the-world-factbook/countries/italy,Italy,2019,Spain,0.05,exports,2023-03-31
/the-world-factbook/countries/italy,Italy,2019,Switzerland,0.05,exports,2023-03-31
/the-world-factbook/countries/jamaica,Jamaica,2019,United States,0.32,exports,2023-03-31
/the-world-factbook/countries/jamaica,Jamaica,2019,Netherlands,0.11,exports,2023-03-31
/the-world-factbook/countries/jamaica,Jamaica,2019,Germany,0.09,exports,2023-03-31
/the-world-factbook/countries/jamaica,Jamaica,2019,Canada,0.07,exports,2023-03-31
/the-world-factbook/countries/jamaica,Jamaica,2019,Iceland,0.07,exports,2023-03-31
/the-world-factbook/countries/japan,Japan,2020,China,0.21,exports,2023-03-31
/the-world-factbook/countries/japan,Japan,2020,United States,0.18,exports,2023-03-31
/the-world-factbook/countries/japan,Japan,2020,South Korea,0.07,exports,2023-03-31
/the-world-factbook/countries/japan,Japan,2020,Taiwan,0.07,exports,2023-03-31
/the-world-factbook/countries/japan,Japan,2020,Hong Kong,0.04,exports,2023-03-31
/the-world-factbook/countries/jordan,Jordan,2019,United States,0.21,exports,2023-03-31
/the-world-factbook/countries/jordan,Jordan,2019,Saudi Arabia,0.13,exports,2023-03-31
/the-world-factbook/countries/jordan,Jordan,2019,India,0.08,exports,2023-03-31
/the-world-factbook/countries/jordan,Jordan,2019,Iraq,0.07,exports,2023-03-31
/the-world-factbook/countries/jordan,Jordan,2019,United Arab Emirates,0.05,exports,2023-03-31
/the-world-factbook/countries/jordan,Jordan,2019,China,0.05,exports,2023-03-31
/the-world-factbook/countries/kazakhstan,Kazakhstan,2019,China,0.13,exports,2023-03-31
/the-world-factbook/countries/kazakhstan,Kazakhstan,2019,Italy,0.12,exports,2023-03-31
/the-world-factbook/countries/kazakhstan,Kazakhstan,2019,Russia,0.1,exports,2023-03-31
/the-world-factbook/countries/kazakhstan,Kazakhstan,2019,Netherlands,0.07,exports,2023-03-31
/the-world-factbook/countries/kazakhstan,Kazakhstan,2019,France,0.06,exports,2023-03-31
/the-world-factbook/countries/kazakhstan,Kazakhstan,2019,South Korea,0.05,exports,2023-03-31
/the-world-factbook/countries/kenya,Kenya,2020,Uganda,0.14,exports,2023-03-31
/the-world-factbook/countries/kenya,Kenya,2020,Pakistan,0.08,exports,2023-03-31
/the-world-factbook/countries/kenya,Kenya,2020,Netherlands,0.08,exports,2023-03-31
/the-world-factbook/countries/kenya,Kenya,2020,United States,0.08,exports,2023-03-31
/the-world-factbook/countries/kenya,Kenya,2020,United Kingdom,0.07,exports,2023-03-31
/the-world-factbook/countries/kiribati,Kiribati,2019,Thailand,0.53,exports,2023-03-31
/the-world-factbook/countries/kiribati,Kiribati,2019,Philippines,0.17,exports,2023-03-31
/the-world-factbook/countries/kiribati,Kiribati,2019,South Korea,0.1,exports,2023-03-31
/the-world-factbook/countries/kiribati,Kiribati,2019,Japan,0.09,exports,2023-03-31
/the-world-factbook/countries/korea-north,North Korea,2019,China,0.67,exports,2023-03-31
/the-world-factbook/countries/korea-north,North Korea,2019,Suriname,0.06,exports,2023-03-31
/the-world-factbook/countries/korea-south,South Korea,2020,China,0.25,exports,2023-03-31
/the-world-factbook/countries/korea-south,South Korea,2020,United States,0.14,exports,2023-03-31
/the-world-factbook/countries/korea-south,South Korea,2020,Vietnam,0.09,exports,2023-03-31
/the-world-factbook/countries/korea-south,South Korea,2020,Hong Kong,0.06,exports,2023-03-31
/the-world-factbook/countries/korea-south,South Korea,2020,Japan,0.05,exports,2023-03-31
/the-world-factbook/countries/kosovo,Kosovo,2017,Albania,0.16,exports,2023-03-31
/the-world-factbook/countries/kosovo,Kosovo,2017,India,0.14,exports,2023-03-31
/the-world-factbook/countries/kosovo,Kosovo,2017,North Macedonia,0.01,exports,2023-03-31
/the-world-factbook/countries/kosovo,Kosovo,2017,Serbia,0.06,exports,2023-03-31
/the-world-factbook/countries/kosovo,Kosovo,2017,Switzerland,0.06,exports,2023-03-31
/the-world-factbook/countries/kosovo,Kosovo,2017,Germany,0.04,exports,2023-03-31
/the-world-factbook/countries/kuwait,Kuwait,2019,China,0.2,exports,2023-03-31
/the-world-factbook/countries/kuwait,Kuwait,2019,South Korea,0.16,exports,2023-03-31
/the-world-factbook/countries/kuwait,Kuwait,2019,India,0.15,exports,2023-03-31
/the-world-factbook/countries/kuwait,Kuwait,2019,Japan,0.1,exports,2023-03-31
/the-world-factbook/countries/kuwait,Kuwait,2019,Taiwan,0.06,exports,2023-03-31
/the-world-factbook/countries/kuwait,Kuwait,2019,Vietnam,0.05,exports,2023-03-31
/the-world-factbook/countries/kyrgyzstan,Kyrgyzstan,2019,United Kingdom,0.56,exports,2023-03-31
/the-world-factbook/countries/kyrgyzstan,Kyrgyzstan,2019,Kazakhstan,0.13,exports,2023-03-31
/the-world-factbook/countries/kyrgyzstan,Kyrgyzstan,2019,Russia,0.13,exports,2023-03-31
/the-world-factbook/countries/kyrgyzstan,Kyrgyzstan,2019,Uzbekistan,0.05,exports,2023-03-31
/the-world-factbook/countries/laos,Laos,2019,Thailand,0.36,exports,2023-03-31
/the-world-factbook/countries/laos,Laos,2019,China,0.28,exports,2023-03-31
/the-world-factbook/countries/laos,Laos,2019,Vietnam,0.16,exports,2023-03-31
/the-world-factbook/countries/latvia,Latvia,2019,Lithuania,0.16,exports,2023-03-31
/the-world-factbook/countries/latvia,Latvia,2019,Estonia,0.1,exports,2023-03-31
/the-world-factbook/countries/latvia,Latvia,2019,Russia,0.09,exports,2023-03-31
/the-world-factbook/countries/latvia,Latvia,2019,Germany,0.07,exports,2023-03-31
/the-world-factbook/countries/latvia,Latvia,2019,Sweden,0.06,exports,2023-03-31
/the-world-factbook/countries/latvia,Latvia,2019,United Kingdom,0.06,exports,2023-03-31
/the-world-factbook/countries/lebanon,Lebanon,2019,Switzerland,0.27,exports,2023-03-31
/the-world-factbook/countries/lebanon,Lebanon,2019,United Arab Emirates,0.15,exports,2023-03-31
/the-world-factbook/countries/lebanon,Lebanon,2019,South Korea,0.11,exports,2023-03-31
/the-world-factbook/countries/lebanon,Lebanon,2019,Saudi Arabia,0.07,exports,2023-03-31
/the-world-factbook/countries/lebanon,Lebanon,2019,Kuwait,0.06,exports,2023-03-31
/the-world-factbook/countries/lesotho,Lesotho,2019,United States,0.29,exports,2023-03-31
/the-world-factbook/countries/lesotho,Lesotho,2019,Belgium,0.26,exports,2023-03-31
/the-world-factbook/countries/lesotho,Lesotho,2019,South Africa,0.25,exports,2023-03-31
/the-world-factbook/countries/lesotho,Lesotho,2019,Switzerland,0.06,exports,2023-03-31
/the-world-factbook/countries/liberia,Liberia,2019,Guyana,0.32,exports,2023-03-31
/the-world-factbook/countries/liberia,Liberia,2019,Poland,0.1,exports,2023-03-31
/the-world-factbook/countries/liberia,Liberia,2019,Switzerland,0.08,exports,2023-03-31
/the-world-factbook/countries/liberia,Liberia,2019,Japan,0.07,exports,2023-03-31
/the-world-factbook/countries/liberia,Liberia,2019,China,0.05,exports,2023-03-31
/the-world-factbook/countries/libya,Libya,2019,Italy,0.18,exports,2023-03-31
/the-world-factbook/countries/libya,Libya,2019,China,0.16,exports,2023-03-31
/the-world-factbook/countries/libya,Libya,2019,Germany,0.15,exports,2023-03-31
/the-world-factbook/countries/libya,Libya,2019,Spain,0.15,exports,2023-03-31
/the-world-factbook/countries/libya,Libya,2019,United Arab Emirates,0.06,exports,2023-03-31
/the-world-factbook/countries/libya,Libya,2019,France,0.06,exports,2023-03-31
/the-world-factbook/countries/libya,Libya,2019,United States,0.05,exports,2023-03-31
/the-world-factbook/countries/lithuania,Lithuania,2019,Russia,0.13,exports,2023-03-31
/the-world-factbook/countries/lithuania,Lithuania,2019,Latvia,0.09,exports,2023-03-31
/the-world-factbook/countries/lithuania,Lithuania,2019,Poland,0.08,exports,2023-03-31
/the-world-factbook/countries/lithuania,Lithuania,2019,Germany,0.07,exports,2023-03-31
/the-world-factbook/countries/lithuania,Lithuania,2019,Estonia,0.05,exports,2023-03-31
/the-world-factbook/countries/luxembourg,Luxembourg,2019,Germany,0.23,exports,2023-03-31
/the-world-factbook/countries/luxembourg,Luxembourg,2019,France,0.13,exports,2023-03-31
/the-world-factbook/countries/luxembourg,Luxembourg,2019,Belgium,0.12,exports,2023-03-31
/the-world-factbook/countries/luxembourg,Luxembourg,2019,Netherlands,0.06,exports,2023-03-31
/the-world-factbook/countries/luxembourg,Luxembourg,2019,Italy,0.05,exports,2023-03-31
/the-world-factbook/countries/macau,Macau,2019,Hong Kong,0.66,exports,2023-03-31
/the-world-factbook/countries/macau,Macau,2019,China,0.09,exports,2023-03-31
/the-world-factbook/countries/madagascar,Madagascar,2019,United States,0.19,exports,2023-03-31
/the-world-factbook/countries/madagascar,Madagascar,2019,France,0.18,exports,2023-03-31
/the-world-factbook/countries/madagascar,Madagascar,2019,United Arab Emirates,0.07,exports,2023-03-31
/the-world-factbook/countries/madagascar,Madagascar,2019,China,0.06,exports,2023-03-31
/the-world-factbook/countries/madagascar,Madagascar,2019,Japan,0.06,exports,2023-03-31
/the-world-factbook/countries/madagascar,Madagascar,2019,Germany,0.05,exports,2023-03-31
/the-world-factbook/countries/madagascar,Madagascar,2019,India,0.05,exports,2023-03-31
/the-world-factbook/countries/malawi,Malawi,2019,Belgium,0.16,exports,2023-03-31
/the-world-factbook/countries/malawi,Malawi,2019,United States,0.08,exports,2023-03-31
/the-world-factbook/countries/malawi,Malawi,2019,Egypt,0.07,exports,2023-03-31
/the-world-factbook/countries/malawi,Malawi,2019,South Africa,0.06,exports,2023-03-31
/the-world-factbook/countries/malawi,Malawi,2019,Germany,0.06,exports,2023-03-31
/the-world-factbook/countries/malawi,Malawi,2019,Kenya,0.05,exports,2023-03-31
/the-world-factbook/countries/malawi,Malawi,2019,United Arab Emirates,0.05,exports,2023-03-31
/the-world-factbook/countries/malaysia,Malaysia,2019,Singapore,0.13,exports,2023-03-31
/the-world-factbook/countries/malaysia,Malaysia,2019,China,0.13,exports,2023-03-31
/the-world-factbook/countries/malaysia,Malaysia,2019,United States,0.11,exports,2023-03-31
/the-world-factbook/countries/malaysia,Malaysia,2019,Hong Kong,0.06,exports,2023-03-31
/the-world-factbook/countries/malaysia,Malaysia,2019,Japan,0.06,exports,2023-03-31
/the-world-factbook/countries/malaysia,Malaysia,2019,Thailand,0.05,exports,2023-03-31
/the-world-factbook/countries/maldives,Maldives,2019,Thailand,0.24,exports,2023-03-31
/the-world-factbook/countries/maldives,Maldives,2019,United States,0.13,exports,2023-03-31
/the-world-factbook/countries/maldives,Maldives,2019,China,0.12,exports,2023-03-31
/the-world-factbook/countries/maldives,Maldives,2019,France,0.11,exports,2023-03-31
/the-world-factbook/countries/maldives,Maldives,2019,Germany,0.11,exports,2023-03-31
/the-world-factbook/countries/maldives,Maldives,2019,Italy,0.05,exports,2023-03-31
/the-world-factbook/countries/maldives,Maldives,2019,United Kingdom,0.05,exports,2023-03-31
/the-world-factbook/countries/mali,Mali,2019,United Arab Emirates,0.66,exports,2023-03-31
/the-world-factbook/countries/mali,Mali,2019,Switzerland,0.26,exports,2023-03-31
/the-world-factbook/countries/malta,Malta,2019,Germany,0.12,exports,2023-03-31
/the-world-factbook/countries/malta,Malta,2019,France,0.09,exports,2023-03-31
/the-world-factbook/countries/malta,Malta,2019,Italy,0.09,exports,2023-03-31
/the-world-factbook/countries/marshall-islands,Marshall Islands,2019,Poland,0.28,exports,2023-03-31
/the-world-factbook/countries/marshall-islands,Marshall Islands,2019,Denmark,0.19,exports,2023-03-31
/the-world-factbook/countries/marshall-islands,Marshall Islands,2019,South Korea,0.13,exports,2023-03-31
/the-world-factbook/countries/marshall-islands,Marshall Islands,2019,Indonesia,0.1,exports,2023-03-31
/the-world-factbook/countries/marshall-islands,Marshall Islands,2019,Cyprus,0.06,exports,2023-03-31
/the-world-factbook/countries/mauritania,Mauritania,2019,China,0.32,exports,2023-03-31
/the-world-factbook/countries/mauritania,Mauritania,2019,Switzerland,0.13,exports,2023-03-31
/the-world-factbook/countries/mauritania,Mauritania,2019,Spain,0.09,exports,2023-03-31
/the-world-factbook/countries/mauritania,Mauritania,2019,Japan,0.09,exports,2023-03-31
/the-world-factbook/countries/mauritania,Mauritania,2019,Italy,0.05,exports,2023-03-31
/the-world-factbook/countries/mauritius,Mauritius,2019,France,0.1,exports,2023-03-31
/the-world-factbook/countries/mauritius,Mauritius,2019,South Africa,0.1,exports,2023-03-31
/the-world-factbook/countries/mauritius,Mauritius,2019,United States,0.1,exports,2023-03-31
/the-world-factbook/countries/mauritius,Mauritius,2019,United Kingdom,0.08,exports,2023-03-31
/the-world-factbook/countries/mauritius,Mauritius,2019,Zambia,0.07,exports,2023-03-31
/the-world-factbook/countries/mauritius,Mauritius,2019,Madagascar,0.06,exports,2023-03-31
/the-world-factbook/countries/mexico,Mexico,2019,United States,0.75,exports,2023-03-31
/the-world-factbook/countries/micronesia-federated-states-of,"Micronesia, Federated States of",2019,Thailand,0.73,exports,2023-03-31
/the-world-factbook/countries/micronesia-federated-states-of,"Micronesia, Federated States of",2019,Japan,0.1,exports,2023-03-31
/the-world-factbook/countries/micronesia-federated-states-of,"Micronesia, Federated States of",2019,China,0.09,exports,2023-03-31
/the-world-factbook/countries/moldova,Moldova,2019,Romania,0.27,exports,2023-03-31
/the-world-factbook/countries/moldova,Moldova,2019,Russia,0.09,exports,2023-03-31
/the-world-factbook/countries/moldova,Moldova,2019,Italy,0.09,exports,2023-03-31
/the-world-factbook/countries/moldova,Moldova,2019,Germany,0.09,exports,2023-03-31
/the-world-factbook/countries/moldova,Moldova,2019,Turkey,0.06,exports,2023-03-31
/the-world-factbook/countries/moldova,Moldova,2019,Poland,0.05,exports,2023-03-31
/the-world-factbook/countries/monaco,Monaco,,,,exports,2023-03-31
/the-world-factbook/countries/mongolia,Mongolia,2019,China,0.81,exports,2023-03-31
/the-world-factbook/countries/mongolia,Mongolia,2019,Switzerland,0.09,exports,2023-03-31
/the-world-factbook/countries/montenegro,Montenegro,2019,Serbia,0.17,exports,2023-03-31
/the-world-factbook/countries/montenegro,Montenegro,2019,Hungary,0.15,exports,2023-03-31
/the-world-factbook/countries/montenegro,Montenegro,2019,China,0.11,exports,2023-03-31
/the-world-factbook/countries/montenegro,Montenegro,2019,Russia,0.07,exports,2023-03-31
/the-world-factbook/countries/montenegro,Montenegro,2019,Bosnia and Herzegovina,0.06,exports,2023-03-31
/the-world-factbook/countries/montenegro,Montenegro,2019,Germany,0.06,exports,2023-03-31
/the-world-factbook/countries/montenegro,Montenegro,2019,Italy,0.05,exports,2023-03-31
/the-world-factbook/countries/montenegro,Montenegro,2019,Poland,0.05,exports,2023-03-31
/the-world-factbook/countries/montserrat,Montserrat,2019,Antigua and Barbuda,0.19,exports,2023-03-31
/the-world-factbook/countries/montserrat,Montserrat,2019,United States,0.18,exports,2023-03-31
/the-world-factbook/countries/montserrat,Montserrat,2019,France,0.17,exports,2023-03-31
/the-world-factbook/countries/montserrat,Montserrat,2019,Singapore,0.14,exports,2023-03-31
/the-world-factbook/countries/montserrat,Montserrat,2019,Belgium,0.09,exports,2023-03-31
/the-world-factbook/countries/montserrat,Montserrat,2019,Netherlands,0.05,exports,2023-03-31
/the-world-factbook/countries/morocco,Morocco,2019,Spain,0.23,exports,2023-03-31
/the-world-factbook/countries/morocco,Morocco,2019,France,0.19,exports,2023-03-31
/the-world-factbook/countries/mozambique,Mozambique,2019,South Africa,0.16,exports,2023-03-31
/the-world-factbook/countries/mozambique,Mozambique,2019,India,0.13,exports,2023-03-31
/the-world-factbook/countries/mozambique,Mozambique,2019,China,0.12,exports,2023-03-31
/the-world-factbook/countries/mozambique,Mozambique,2019,Italy,0.07,exports,2023-03-31
/the-world-factbook/countries/mozambique,Mozambique,2019,United Arab Emirates,0.05,exports,2023-03-31
/the-world-factbook/countries/mozambique,Mozambique,2019,Germany,0.05,exports,2023-03-31
/the-world-factbook/countries/namibia,Namibia,2020,China,0.29,exports,2023-03-31
/the-world-factbook/countries/namibia,Namibia,2020,South Africa,0.2,exports,2023-03-31
/the-world-factbook/countries/namibia,Namibia,2020,Botswana,0.08,exports,2023-03-31
/the-world-factbook/countries/namibia,Namibia,2020,Belgium,0.06,exports,2023-03-31
/the-world-factbook/countries/namibia,Namibia,2020,Zambia,0.04,exports,2023-03-31
/the-world-factbook/countries/nauru,Nauru,2019,Thailand,0.34,exports,2023-03-31
/the-world-factbook/countries/nauru,Nauru,2019,Australia,0.16,exports,2023-03-31
/the-world-factbook/countries/nauru,Nauru,2019,United States,0.13,exports,2023-03-31
/the-world-factbook/countries/nauru,Nauru,2019,South Korea,0.1,exports,2023-03-31
/the-world-factbook/countries/nauru,Nauru,2019,Philippines,0.09,exports,2023-03-31
/the-world-factbook/countries/nauru,Nauru,2019,Japan,0.07,exports,2023-03-31
/the-world-factbook/countries/nauru,Nauru,2019,France,0.05,exports,2023-03-31
/the-world-factbook/countries/nepal,Nepal,2019,India,0.68,exports,2023-03-31
/the-world-factbook/countries/nepal,Nepal,2019,United States,0.1,exports,2023-03-31
/the-world-factbook/countries/netherlands,Netherlands,2019,Germany,0.2,exports,2023-03-31
/the-world-factbook/countries/netherlands,Netherlands,2019,Belgium,0.12,exports,2023-03-31
/the-world-factbook/countries/netherlands,Netherlands,2019,United Kingdom,0.09,exports,2023-03-31
/the-world-factbook/countries/netherlands,Netherlands,2019,France,0.07,exports,2023-03-31
/the-world-factbook/countries/netherlands,Netherlands,2019,United States,0.05,exports,2023-03-31
/the-world-factbook/countries/new-caledonia,New Caledonia,2019,China,0.59,exports,2023-03-31
/the-world-factbook/countries/new-caledonia,New Caledonia,2019,South Korea,0.14,exports,2023-03-31
/the-world-factbook/countries/new-caledonia,New Caledonia,2019,Japan,0.11,exports,2023-03-31
/the-world-factbook/countries/new-zealand,New Zealand,2019,China,0.28,exports,2023-03-31
/the-world-factbook/countries/new-zealand,New Zealand,2019,Australia,0.14,exports,2023-03-31
/the-world-factbook/countries/new-zealand,New Zealand,2019,United States,0.09,exports,2023-03-31
/the-world-factbook/countries/new-zealand,New Zealand,2019,Japan,0.06,exports,2023-03-31
/the-world-factbook/countries/nicaragua,Nicaragua,2019,United States,0.6,exports,2023-03-31
/the-world-factbook/countries/nicaragua,Nicaragua,2019,El Salvador,0.05,exports,2023-03-31
/the-world-factbook/countries/nicaragua,Nicaragua,2019,Mexico,0.05,exports,2023-03-31
/the-world-factbook/countries/niger,Niger,2019,United Arab Emirates,0.54,exports,2023-03-31
/the-world-factbook/countries/niger,Niger,2019,China,0.25,exports,2023-03-31
/the-world-factbook/countries/niger,Niger,2019,France,0.07,exports,2023-03-31
/the-world-factbook/countries/niger,Niger,2019,Pakistan,0.05,exports,2023-03-31
/the-world-factbook/countries/nigeria,Nigeria,2019,India,0.16,exports,2023-03-31
/the-world-factbook/countries/nigeria,Nigeria,2019,Spain,0.1,exports,2023-03-31
/the-world-factbook/countries/nigeria,Nigeria,2019,United States,0.07,exports,2023-03-31
/the-world-factbook/countries/nigeria,Nigeria,2019,France,0.07,exports,2023-03-31
/the-world-factbook/countries/nigeria,Nigeria,2019,Netherlands,0.06,exports,2023-03-31
/the-world-factbook/countries/niue,Niue,2019,Indonesia,0.92,exports,2023-03-31
/the-world-factbook/countries/niue,Niue,2019,South Korea,0.05,exports,2023-03-31
/the-world-factbook/countries/norfolk-island,Norfolk Island,2019,Philippines,0.29,exports,2023-03-31
/the-world-factbook/countries/norfolk-island,Norfolk Island,2019,Singapore,0.21,exports,2023-03-31
/the-world-factbook/countries/norfolk-island,Norfolk Island,2019,India,0.14,exports,2023-03-31
/the-world-factbook/countries/norfolk-island,Norfolk Island,2019,Belgium,0.07,exports,2023-03-31
/the-world-factbook/countries/norfolk-island,Norfolk Island,2019,Australia,0.05,exports,2023-03-31
/the-world-factbook/countries/norfolk-island,Norfolk Island,2019,Canada,0.05,exports,2023-03-31
/the-world-factbook/countries/north-macedonia,North Macedonia,2019,Germany,0.45,exports,2023-03-31
/the-world-factbook/countries/north-macedonia,North Macedonia,2019,Serbia,0.08,exports,2023-03-31
/the-world-factbook/countries/north-macedonia,North Macedonia,2019,Bulgaria,0.05,exports,2023-03-31
/the-world-factbook/countries/northern-mariana-islands,Northern Mariana Islands,2019,South Korea,0.73,exports,2023-03-31
/the-world-factbook/countries/northern-mariana-islands,Northern Mariana Islands,2019,Peru,0.05,exports,2023-03-31
/the-world-factbook/countries/norway,Norway,2019,United Kingdom,0.18,exports,2023-03-31
/the-world-factbook/countries/norway,Norway,2019,Germany,0.14,exports,2023-03-31
/the-world-factbook/countries/norway,Norway,2019,Netherlands,0.1,exports,2023-03-31
/the-world-factbook/countries/norway,Norway,2019,Sweden,0.09,exports,2023-03-31
/the-world-factbook/countries/norway,Norway,2019,France,0.06,exports,2023-03-31
/the-world-factbook/countries/norway,Norway,2019,United States,0.05,exports,2023-03-31
/the-world-factbook/countries/oman,Oman,2019,China,0.46,exports,2023-03-31
/the-world-factbook/countries/oman,Oman,2019,India,0.08,exports,2023-03-31
/the-world-factbook/countries/oman,Oman,2019,Japan,0.06,exports,2023-03-31
/the-world-factbook/countries/oman,Oman,2019,South Korea,0.06,exports,2023-03-31
/the-world-factbook/countries/oman,Oman,2019,United Arab Emirates,0.06,exports,2023-03-31
/the-world-factbook/countries/oman,Oman,2019,Saudi Arabia,0.05,exports,2023-03-31
/the-world-factbook/countries/pakistan,Pakistan,2019,United States,0.14,exports,2023-03-31
/the-world-factbook/countries/pakistan,Pakistan,2019,China,0.08,exports,2023-03-31
/the-world-factbook/countries/pakistan,Pakistan,2019,Germany,0.07,exports,2023-03-31
/the-world-factbook/countries/pakistan,Pakistan,2019,United Kingdom,0.06,exports,2023-03-31
/the-world-factbook/countries/palau,Palau,2019,Japan,0.7,exports,2023-03-31
/the-world-factbook/countries/palau,Palau,2019,South Korea,0.15,exports,2023-03-31
/the-world-factbook/countries/palau,Palau,2019,United States,0.07,exports,2023-03-31
/the-world-factbook/countries/panama,Panama,2019,Ecuador,0.2,exports,2023-03-31
/the-world-factbook/countries/panama,Panama,2019,Guatemala,0.14,exports,2023-03-31
/the-world-factbook/countries/panama,Panama,2019,China,0.08,exports,2023-03-31
/the-world-factbook/countries/panama,Panama,2019,United States,0.06,exports,2023-03-31
/the-world-factbook/countries/panama,Panama,2019,Netherlands,0.06,exports,2023-03-31
/the-world-factbook/countries/papua-new-guinea,Papua New Guinea,2019,Australia,0.26,exports,2023-03-31
/the-world-factbook/countries/papua-new-guinea,Papua New Guinea,2019,China,0.26,exports,2023-03-31
/the-world-factbook/countries/papua-new-guinea,Papua New Guinea,2019,Japan,0.22,exports,2023-03-31
/the-world-factbook/countries/papua-new-guinea,Papua New Guinea,2019,Taiwan,0.07,exports,2023-03-31
/the-world-factbook/countries/paraguay,Paraguay,2019,Brazil,0.32,exports,2023-03-31
/the-world-factbook/countries/paraguay,Paraguay,2019,Argentina,0.22,exports,2023-03-31
/the-world-factbook/countries/paraguay,Paraguay,2019,Chile,0.08,exports,2023-03-31
/the-world-factbook/countries/paraguay,Paraguay,2019,Russia,0.08,exports,2023-03-31
/the-world-factbook/countries/peru,Peru,2019,China,0.29,exports,2023-03-31
/the-world-factbook/countries/peru,Peru,2019,United States,0.12,exports,2023-03-31
/the-world-factbook/countries/peru,Peru,2019,Canada,0.05,exports,2023-03-31
/the-world-factbook/countries/peru,Peru,2019,South Korea,0.05,exports,2023-03-31
/the-world-factbook/countries/peru,Peru,2019,Switzerland,0.05,exports,2023-03-31
/the-world-factbook/countries/philippines,Philippines,2019,China,0.16,exports,2023-03-31
/the-world-factbook/countries/philippines,Philippines,2019,United States,0.15,exports,2023-03-31
/the-world-factbook/countries/philippines,Philippines,2019,Japan,0.13,exports,2023-03-31
/the-world-factbook/countries/philippines,Philippines,2019,Hong Kong,0.12,exports,2023-03-31
/the-world-factbook/countries/philippines,Philippines,2019,Singapore,0.07,exports,2023-03-31
/the-world-factbook/countries/philippines,Philippines,2019,Germany,0.05,exports,2023-03-31
/the-world-factbook/countries/pitcairn-islands,Pitcairn Islands,2019,South Africa,0.24,exports,2023-03-31
/the-world-factbook/countries/pitcairn-islands,Pitcairn Islands,2019,Canada,0.2,exports,2023-03-31
/the-world-factbook/countries/pitcairn-islands,Pitcairn Islands,2019,Germany,0.13,exports,2023-03-31
/the-world-factbook/countries/pitcairn-islands,Pitcairn Islands,2019,Czechia,0.08,exports,2023-03-31
/the-world-factbook/countries/pitcairn-islands,Pitcairn Islands,2019,El Salvador,0.05,exports,2023-03-31
/the-world-factbook/countries/pitcairn-islands,Pitcairn Islands,2019,Spain,0.05,exports,2023-03-31
/the-world-factbook/countries/poland,Poland,2020,Germany,0.28,exports,2023-03-31
/the-world-factbook/countries/poland,Poland,2020,UK,0.06,exports,2023-03-31
/the-world-factbook/countries/poland,Poland,2020,Czechia,0.06,exports,2023-03-31
/the-world-factbook/countries/poland,Poland,2020,France,0.06,exports,2023-03-31
/the-world-factbook/countries/poland,Poland,2020,Netherlands,0.04,exports,2023-03-31
/the-world-factbook/countries/portugal,Portugal,2019,Spain,0.23,exports,2023-03-31
/the-world-factbook/countries/portugal,Portugal,2019,France,0.13,exports,2023-03-31
/the-world-factbook/countries/portugal,Portugal,2019,Germany,0.12,exports,2023-03-31
/the-world-factbook/countries/portugal,Portugal,2019,United Kingdom,0.06,exports,2023-03-31
/the-world-factbook/countries/portugal,Portugal,2019,United States,0.05,exports,2023-03-31
/the-world-factbook/countries/puerto-rico,Puerto Rico,2019,Italy,0.15,exports,2023-03-31
/the-world-factbook/countries/puerto-rico,Puerto Rico,2019,Netherlands,0.15,exports,2023-03-31
/the-world-factbook/countries/puerto-rico,Puerto Rico,2019,Belgium,0.09,exports,2023-03-31
/the-world-factbook/countries/puerto-rico,Puerto Rico,2019,Japan,0.08,exports,2023-03-31
/the-world-factbook/countries/puerto-rico,Puerto Rico,2019,Germany,0.08,exports,2023-03-31
/the-world-factbook/countries/puerto-rico,Puerto Rico,2019,Austria,0.08,exports,2023-03-31
/the-world-factbook/countries/puerto-rico,Puerto Rico,2019,Spain,0.07,exports,2023-03-31
/the-world-factbook/countries/puerto-rico,Puerto Rico,2019,China,0.05,exports,2023-03-31
/the-world-factbook/countries/qatar,Qatar,2019,Japan,0.17,exports,2023-03-31
/the-world-factbook/countries/qatar,Qatar,2019,South Korea,0.16,exports,2023-03-31
/the-world-factbook/countries/qatar,Qatar,2019,India,0.14,exports,2023-03-31
/the-world-factbook/countries/qatar,Qatar,2019,China,0.13,exports,2023-03-31
/the-world-factbook/countries/qatar,Qatar,2019,Singapore,0.07,exports,2023-03-31
/the-world-factbook/countries/romania,Romania,2019,Germany,0.22,exports,2023-03-31
/the-world-factbook/countries/romania,Romania,2019,Italy,0.1,exports,2023-03-31
/the-world-factbook/countries/romania,Romania,2019,France,0.07,exports,2023-03-31
/the-world-factbook/countries/russia,Russia,2019,China,0.14,exports,2023-03-31
/the-world-factbook/countries/russia,Russia,2019,Netherlands,0.1,exports,2023-03-31
/the-world-factbook/countries/russia,Russia,2019,Belarus,0.05,exports,2023-03-31
/the-world-factbook/countries/russia,Russia,2019,Germany,0.05,exports,2023-03-31
/the-world-factbook/countries/rwanda,Rwanda,2019,United Arab Emirates,0.35,exports,2023-03-31
/the-world-factbook/countries/rwanda,Rwanda,2019,Democratic Republic of the Congo,0.28,exports,2023-03-31
/the-world-factbook/countries/rwanda,Rwanda,2019,Uganda,0.05,exports,2023-03-31
/the-world-factbook/countries/saint-barthelemy,Saint Barthelemy,2019,France,0.6,exports,2023-03-31
/the-world-factbook/countries/saint-barthelemy,Saint Barthelemy,2019,Germany,0.27,exports,2023-03-31
/the-world-factbook/countries/saint-helena-ascension-and-tristan-da-cunha,"Saint Helena, Ascension, and Tristan da Cunha",2019,United States,0.47,exports,2023-03-31
/the-world-factbook/countries/saint-helena-ascension-and-tristan-da-cunha,"Saint Helena, Ascension, and Tristan da Cunha",2019,Japan,0.12,exports,2023-03-31
/the-world-factbook/countries/saint-helena-ascension-and-tristan-da-cunha,"Saint Helena, Ascension, and Tristan da Cunha",2019,South Korea,0.1,exports,2023-03-31
/the-world-factbook/countries/saint-helena-ascension-and-tristan-da-cunha,"Saint Helena, Ascension, and Tristan da Cunha",2019,France,0.09,exports,2023-03-31
/the-world-factbook/countries/saint-helena-ascension-and-tristan-da-cunha,"Saint Helena, Ascension, and Tristan da Cunha",2019,Australia,0.05,exports,2023-03-31
/the-world-factbook/countries/saint-kitts-and-nevis,Saint Kitts and Nevis,2019,United States,0.69,exports,2023-03-31
/the-world-factbook/countries/saint-kitts-and-nevis,Saint Kitts and Nevis,2019,Germany,0.08,exports,2023-03-31
/the-world-factbook/countries/saint-kitts-and-nevis,Saint Kitts and Nevis,2019,Italy,0.05,exports,2023-03-31
/the-world-factbook/countries/saint-lucia,Saint Lucia,2019,United States,0.29,exports,2023-03-31
/the-world-factbook/countries/saint-lucia,Saint Lucia,2019,Uruguay,0.16,exports,2023-03-31
/the-world-factbook/countries/saint-lucia,Saint Lucia,2019,Barbados,0.08,exports,2023-03-31
/the-world-factbook/countries/saint-lucia,Saint Lucia,2019,Trinidad and Tobago,0.05,exports,2023-03-31
/the-world-factbook/countries/saint-lucia,Saint Lucia,2019,United Kingdom,0.06,exports,2023-03-31
/the-world-factbook/countries/saint-lucia,Saint Lucia,2019,Dominica,0.06,exports,2023-03-31
/the-world-factbook/countries/saint-lucia,Saint Lucia,2019,Guyana,0.05,exports,2023-03-31
/the-world-factbook/countries/saint-lucia,Saint Lucia,2019,France,0.05,exports,2023-03-31
/the-world-factbook/countries/saint-martin,Saint Martin,2019,United States,0.35,exports,2023-03-31
/the-world-factbook/countries/saint-martin,Saint Martin,2019,Netherlands,0.26,exports,2023-03-31
/the-world-factbook/countries/saint-martin,Saint Martin,2019,Antigua and Barbuda,0.21,exports,2023-03-31
/the-world-factbook/countries/saint-martin,Saint Martin,2019,France,0.1,exports,2023-03-31
/the-world-factbook/countries/saint-pierre-and-miquelon,Saint Pierre and Miquelon,2019,Canada,0.79,exports,2023-03-31
/the-world-factbook/countries/saint-pierre-and-miquelon,Saint Pierre and Miquelon,2019,France,0.08,exports,2023-03-31
/the-world-factbook/countries/saint-pierre-and-miquelon,Saint Pierre and Miquelon,2019,Belgium,0.06,exports,2023-03-31
/the-world-factbook/countries/saint-vincent-and-the-grenadines,Saint Vincent and the Grenadines,2019,Jordan,0.39,exports,2023-03-31
/the-world-factbook/countries/saint-vincent-and-the-grenadines,Saint Vincent and the Grenadines,2019,Singapore,0.14,exports,2023-03-31
/the-world-factbook/countries/samoa,Samoa,2019,American Samoa,0.21,exports,2023-03-31
/the-world-factbook/countries/samoa,Samoa,2019,United States,0.13,exports,2023-03-31
/the-world-factbook/countries/samoa,Samoa,2019,New Zealand,0.12,exports,2023-03-31
/the-world-factbook/countries/samoa,Samoa,2019,Australia,0.1,exports,2023-03-31
/the-world-factbook/countries/samoa,Samoa,2019,Tokelau,0.06,exports,2023-03-31
/the-world-factbook/countries/samoa,Samoa,2019,Taiwan,0.05,exports,2023-03-31
/the-world-factbook/countries/san-marino,San Marino,2019,Romania,0.1,exports,2023-03-31
/the-world-factbook/countries/san-marino,San Marino,2019,France,0.09,exports,2023-03-31
/the-world-factbook/countries/san-marino,San Marino,2019,Germany,0.08,exports,2023-03-31
/the-world-factbook/countries/san-marino,San Marino,2019,United States,0.08,exports,2023-03-31
/the-world-factbook/countries/san-marino,San Marino,2019,Austria,0.06,exports,2023-03-31
/the-world-factbook/countries/san-marino,San Marino,2019,Brazil,0.06,exports,2023-03-31
/the-world-factbook/countries/san-marino,San Marino,2019,Poland,0.06,exports,2023-03-31
/the-world-factbook/countries/san-marino,San Marino,2019,Russia,0.06,exports,2023-03-31
/the-world-factbook/countries/san-marino,San Marino,2019,,,exports,2023-03-31
/the-world-factbook/countries/sao-tome-and-principe,Sao Tome and Principe,2019,Singapore,0.3,exports,2023-03-31
/the-world-factbook/countries/sao-tome-and-principe,Sao Tome and Principe,2019,Switzerland,0.24,exports,2023-03-31
/the-world-factbook/countries/sao-tome-and-principe,Sao Tome and Principe,2019,France,0.11,exports,2023-03-31
/the-world-factbook/countries/sao-tome-and-principe,Sao Tome and Principe,2019,Poland,0.07,exports,2023-03-31
/the-world-factbook/countries/sao-tome-and-principe,Sao Tome and Principe,2019,Belgium,0.07,exports,2023-03-31
/the-world-factbook/countries/sao-tome-and-principe,Sao Tome and Principe,2019,United States,0.05,exports,2023-03-31
/the-world-factbook/countries/saudi-arabia,Saudi Arabia,2019,China,0.2,exports,2023-03-31
/the-world-factbook/countries/saudi-arabia,Saudi Arabia,2019,India,0.11,exports,2023-03-31
/the-world-factbook/countries/saudi-arabia,Saudi Arabia,2019,Japan,0.11,exports,2023-03-31
/the-world-factbook/countries/saudi-arabia,Saudi Arabia,2019,South Korea,0.09,exports,2023-03-31
/the-world-factbook/countries/saudi-arabia,Saudi Arabia,2019,United States,0.05,exports,2023-03-31
/the-world-factbook/countries/senegal,Senegal,2019,Mali,0.22,exports,2023-03-31
/the-world-factbook/countries/senegal,Senegal,2019,Switzerland,0.14,exports,2023-03-31
/the-world-factbook/countries/senegal,Senegal,2019,India,0.09,exports,2023-03-31
/the-world-factbook/countries/senegal,Senegal,2019,China,0.07,exports,2023-03-31
/the-world-factbook/countries/serbia,Serbia,2019,Germany,0.12,exports,2023-03-31
/the-world-factbook/countries/serbia,Serbia,2019,Italy,0.1,exports,2023-03-31
/the-world-factbook/countries/serbia,Serbia,2019,Bosnia and Herzegovina,0.07,exports,2023-03-31
/the-world-factbook/countries/serbia,Serbia,2019,Romania,0.06,exports,2023-03-31
/the-world-factbook/countries/serbia,Serbia,2019,Russia,0.05,exports,2023-03-31
/the-world-factbook/countries/seychelles,Seychelles,2019,United Arab Emirates,0.17,exports,2023-03-31
/the-world-factbook/countries/seychelles,Seychelles,2019,United Kingdom,0.13,exports,2023-03-31
/the-world-factbook/countries/seychelles,Seychelles,2019,France,0.12,exports,2023-03-31
/the-world-factbook/countries/seychelles,Seychelles,2019,British Virgin Islands,0.11,exports,2023-03-31
/the-world-factbook/countries/seychelles,Seychelles,2019,Zambia,0.09,exports,2023-03-31
/the-world-factbook/countries/seychelles,Seychelles,2019,Mauritius,0.05,exports,2023-03-31
/the-world-factbook/countries/seychelles,Seychelles,2019,Japan,0.05,exports,2023-03-31
/the-world-factbook/countries/sierra-leone,Sierra Leone,2019,Belgium,0.26,exports,2023-03-31
/the-world-factbook/countries/sierra-leone,Sierra Leone,2019,China,0.25,exports,2023-03-31
/the-world-factbook/countries/sierra-leone,Sierra Leone,2019,Romania,0.09,exports,2023-03-31
/the-world-factbook/countries/sierra-leone,Sierra Leone,2019,United Arab Emirates,0.06,exports,2023-03-31
/the-world-factbook/countries/sierra-leone,Sierra Leone,2019,Germany,0.05,exports,2023-03-31
/the-world-factbook/countries/sierra-leone,Sierra Leone,2019,Netherlands,0.05,exports,2023-03-31
/the-world-factbook/countries/singapore,Singapore,2019,China,0.15,exports,2023-03-31
/the-world-factbook/countries/singapore,Singapore,2019,Hong Kong,0.13,exports,2023-03-31
/the-world-factbook/countries/singapore,Singapore,2019,Malaysia,0.09,exports,2023-03-31
/the-world-factbook/countries/singapore,Singapore,2019,United States,0.08,exports,2023-03-31
/the-world-factbook/countries/singapore,Singapore,2019,Indonesia,0.07,exports,2023-03-31
/the-world-factbook/countries/singapore,Singapore,2019,India,0.05,exports,2023-03-31
/the-world-factbook/countries/slovakia,Slovakia,2019,Germany,0.22,exports,2023-03-31
/the-world-factbook/countries/slovakia,Slovakia,2019,Czechia,0.11,exports,2023-03-31
/the-world-factbook/countries/slovakia,Slovakia,2019,Poland,0.07,exports,2023-03-31
/the-world-factbook/countries/slovakia,Slovakia,2019,France,0.07,exports,2023-03-31
/the-world-factbook/countries/slovakia,Slovakia,2019,Hungary,0.06,exports,2023-03-31
/the-world-factbook/countries/slovakia,Slovakia,2019,Austria,0.05,exports,2023-03-31
/the-world-factbook/countries/slovakia,Slovakia,2019,United Kingdom,0.05,exports,2023-03-31
/the-world-factbook/countries/slovenia,Slovenia,2019,Germany,0.18,exports,2023-03-31
/the-world-factbook/countries/slovenia,Slovenia,2019,Italy,0.11,exports,2023-03-31
/the-world-factbook/countries/slovenia,Slovenia,2019,Croatia,0.08,exports,2023-03-31
/the-world-factbook/countries/slovenia,Slovenia,2019,Austria,0.07,exports,2023-03-31
/the-world-factbook/countries/slovenia,Slovenia,2019,France,0.05,exports,2023-03-31
/the-world-factbook/countries/slovenia,Slovenia,2019,Switzerland,0.05,exports,2023-03-31
/the-world-factbook/countries/solomon-islands,Solomon Islands,2019,China,0.65,exports,2023-03-31
/the-world-factbook/countries/solomon-islands,Solomon Islands,2019,Italy,0.09,exports,2023-03-31
/the-world-factbook/countries/solomon-islands,Solomon Islands,2019,India,0.06,exports,2023-03-31
/the-world-factbook/countries/somalia,Somalia,2019,United Arab Emirates,0.47,exports,2023-03-31
/the-world-factbook/countries/somalia,Somalia,2019,Saudi Arabia,0.19,exports,2023-03-31
/the-world-factbook/countries/somalia,Somalia,2019,India,0.05,exports,2023-03-31
/the-world-factbook/countries/somalia,Somalia,2019,Japan,0.05,exports,2023-03-31
/the-world-factbook/countries/south-africa,South Africa,2019,China,0.15,exports,2023-03-31
/the-world-factbook/countries/south-africa,South Africa,2019,United Kingdom,0.08,exports,2023-03-31
/the-world-factbook/countries/south-africa,South Africa,2019,Germany,0.07,exports,2023-03-31
/the-world-factbook/countries/south-africa,South Africa,2019,United States,0.06,exports,2023-03-31
/the-world-factbook/countries/south-africa,South Africa,2019,India,0.06,exports,2023-03-31
/the-world-factbook/countries/south-sudan,South Sudan,2019,China,0.88,exports,2023-03-31
/the-world-factbook/countries/south-sudan,South Sudan,2019,United Arab Emirates,0.05,exports,2023-03-31
/the-world-factbook/countries/spain,Spain,2019,France,0.15,exports,2023-03-31
/the-world-factbook/countries/spain,Spain,2019,Germany,0.11,exports,2023-03-31
/the-world-factbook/countries/spain,Spain,2019,Italy,0.08,exports,2023-03-31
/the-world-factbook/countries/spain,Spain,2019,Portugal,0.08,exports,2023-03-31
/the-world-factbook/countries/spain,Spain,2019,United Kingdom,0.07,exports,2023-03-31
/the-world-factbook/countries/spain,Spain,2019,United States,0.05,exports,2023-03-31
/the-world-factbook/countries/sri-lanka,Sri Lanka,2019,United States,0.24,exports,2023-03-31
/the-world-factbook/countries/sri-lanka,Sri Lanka,2019,India,0.08,exports,2023-03-31
/the-world-factbook/countries/sri-lanka,Sri Lanka,2019,United Kingdom,0.07,exports,2023-03-31
/the-world-factbook/countries/sri-lanka,Sri Lanka,2019,Germany,0.07,exports,2023-03-31
/the-world-factbook/countries/sudan,Sudan,2019,United Arab Emirates,0.31,exports,2023-03-31
/the-world-factbook/countries/sudan,Sudan,2019,China,0.19,exports,2023-03-31
/the-world-factbook/countries/sudan,Sudan,2019,Saudi Arabia,0.14,exports,2023-03-31
/the-world-factbook/countries/sudan,Sudan,2019,India,0.12,exports,2023-03-31
/the-world-factbook/countries/sudan,Sudan,2019,Egypt,0.05,exports,2023-03-31
/the-world-factbook/countries/suriname,Suriname,2019,Switzerland,0.39,exports,2023-03-31
/the-world-factbook/countries/suriname,Suriname,2019,United Arab Emirates,0.31,exports,2023-03-31
/the-world-factbook/countries/suriname,Suriname,2019,Belgium,0.1,exports,2023-03-31
/the-world-factbook/countries/sweden,Sweden,2019,Germany,0.1,exports,2023-03-31
/the-world-factbook/countries/sweden,Sweden,2019,Norway,0.09,exports,2023-03-31
/the-world-factbook/countries/sweden,Sweden,2019,United States,0.08,exports,2023-03-31
/the-world-factbook/countries/sweden,Sweden,2019,Denmark,0.07,exports,2023-03-31
/the-world-factbook/countries/sweden,Sweden,2019,Finland,0.06,exports,2023-03-31
/the-world-factbook/countries/sweden,Sweden,2019,United Kingdom,0.05,exports,2023-03-31
/the-world-factbook/countries/sweden,Sweden,2019,Netherlands,0.05,exports,2023-03-31
/the-world-factbook/countries/sweden,Sweden,2019,China,0.05,exports,2023-03-31
/the-world-factbook/countries/switzerland,Switzerland,2019,Germany,0.16,exports,2023-03-31
/the-world-factbook/countries/switzerland,Switzerland,2019,United States,0.14,exports,2023-03-31
/the-world-factbook/countries/switzerland,Switzerland,2019,United Kingdom,0.08,exports,2023-03-31
/the-world-factbook/countries/switzerland,Switzerland,2019,China,0.07,exports,2023-03-31
/the-world-factbook/countries/switzerland,Switzerland,2019,France,0.06,exports,2023-03-31
/the-world-factbook/countries/switzerland,Switzerland,2019,India,0.06,exports,2023-03-31
/the-world-factbook/countries/switzerland,Switzerland,2019,Italy,0.05,exports,2023-03-31
/the-world-factbook/countries/syria,Syria,2019,Saudi Arabia,0.23,exports,2023-03-31
/the-world-factbook/countries/syria,Syria,2019,Turkey,0.18,exports,2023-03-31
/the-world-factbook/countries/syria,Syria,2019,Egypt,0.14,exports,2023-03-31
/the-world-factbook/countries/syria,Syria,2019,United Arab Emirates,0.08,exports,2023-03-31
/the-world-factbook/countries/syria,Syria,2019,Jordan,0.07,exports,2023-03-31
/the-world-factbook/countries/syria,Syria,2019,Kuwait,0.05,exports,2023-03-31
/the-world-factbook/countries/taiwan,Taiwan,2019,China,0.26,exports,2023-03-31
/the-world-factbook/countries/taiwan,Taiwan,2019,United States,0.14,exports,2023-03-31
/the-world-factbook/countries/taiwan,Taiwan,2019,Hong Kong,0.12,exports,2023-03-31
/the-world-factbook/countries/taiwan,Taiwan,2019,Japan,0.07,exports,2023-03-31
/the-world-factbook/countries/taiwan,Taiwan,2019,Singapore,0.07,exports,2023-03-31
/the-world-factbook/countries/taiwan,Taiwan,2019,South Korea,0.05,exports,2023-03-31
/the-world-factbook/countries/tajikistan,Tajikistan,2019,Turkey,0.24,exports,2023-03-31
/the-world-factbook/countries/tajikistan,Tajikistan,2019,Switzerland,0.22,exports,2023-03-31
/the-world-factbook/countries/tajikistan,Tajikistan,2019,Uzbekistan,0.16,exports,2023-03-31
/the-world-factbook/countries/tajikistan,Tajikistan,2019,Kazakhstan,0.12,exports,2023-03-31
/the-world-factbook/countries/tajikistan,Tajikistan,2019,China,0.1,exports,2023-03-31
/the-world-factbook/countries/tanzania,Tanzania,2020,India,0.15,exports,2023-03-31
/the-world-factbook/countries/tanzania,Tanzania,2020,United Arab Emirates,0.15,exports,2023-03-31
/the-world-factbook/countries/tanzania,Tanzania,2020,Switzerland,0.14,exports,2023-03-31
/the-world-factbook/countries/tanzania,Tanzania,2020,Uganda,0.12,exports,2023-03-31
/the-world-factbook/countries/tanzania,Tanzania,2020,China,0.07,exports,2023-03-31
/the-world-factbook/countries/thailand,Thailand,2019,United States,0.13,exports,2023-03-31
/the-world-factbook/countries/thailand,Thailand,2019,China,0.12,exports,2023-03-31
/the-world-factbook/countries/thailand,Thailand,2019,Japan,0.1,exports,2023-03-31
/the-world-factbook/countries/thailand,Thailand,2019,Vietnam,0.05,exports,2023-03-31
/the-world-factbook/countries/timor-leste,Timor-Leste,2019,Singapore,0.51,exports,2023-03-31
/the-world-factbook/countries/timor-leste,Timor-Leste,2019,China,0.2,exports,2023-03-31
/the-world-factbook/countries/timor-leste,Timor-Leste,2019,Japan,0.09,exports,2023-03-31
/the-world-factbook/countries/timor-leste,Timor-Leste,2019,Indonesia,0.06,exports,2023-03-31
/the-world-factbook/countries/togo,Togo,2019,India,0.16,exports,2023-03-31
/the-world-factbook/countries/togo,Togo,2019,Benin,0.15,exports,2023-03-31
/the-world-factbook/countries/togo,Togo,2019,Burkina Faso,0.06,exports,2023-03-31
/the-world-factbook/countries/togo,Togo,2019,France,0.06,exports,2023-03-31
/the-world-factbook/countries/togo,Togo,2019,Morocco,0.05,exports,2023-03-31
/the-world-factbook/countries/tokelau,Tokelau,2019,Singapore,0.25,exports,2023-03-31
/the-world-factbook/countries/tokelau,Tokelau,2019,France,0.19,exports,2023-03-31
/the-world-factbook/countries/tokelau,Tokelau,2019,South Africa,0.07,exports,2023-03-31
/the-world-factbook/countries/tokelau,Tokelau,2019,New Zealand,0.05,exports,2023-03-31
/the-world-factbook/countries/tokelau,Tokelau,2019,United States,0.05,exports,2023-03-31
/the-world-factbook/countries/tokelau,Tokelau,2019,Ireland,0.05,exports,2023-03-31
/the-world-factbook/countries/tonga,Tonga,2019,United States,0.38,exports,2023-03-31
/the-world-factbook/countries/tonga,Tonga,2019,South Korea,0.18,exports,2023-03-31
/the-world-factbook/countries/tonga,Tonga,2019,Australia,0.14,exports,2023-03-31
/the-world-factbook/countries/tonga,Tonga,2019,New Zealand,0.14,exports,2023-03-31
/the-world-factbook/countries/tonga,Tonga,2019,Japan,0.06,exports,2023-03-31
/the-world-factbook/countries/tonga,Tonga,2019,,,exports,2023-03-31
/the-world-factbook/countries/trinidad-and-tobago,Trinidad and Tobago,2019,United States,0.33,exports,2023-03-31
/the-world-factbook/countries/trinidad-and-tobago,Trinidad and Tobago,2019,Guyana,0.09,exports,2023-03-31
/the-world-factbook/countries/trinidad-and-tobago,Trinidad and Tobago,2019,Spain,0.06,exports,2023-03-31
/the-world-factbook/countries/trinidad-and-tobago,Trinidad and Tobago,2019,China,0.06,exports,2023-03-31
/the-world-factbook/countries/tunisia,Tunisia,2019,France,0.29,exports,2023-03-31
/the-world-factbook/countries/tunisia,Tunisia,2019,Italy,0.17,exports,2023-03-31
/the-world-factbook/countries/tunisia,Tunisia,2019,Germany,0.13,exports,2023-03-31
/the-world-factbook/countries/turkey-turkiye,Turkey (Turkiye),2019,Germany,0.09,exports,2023-03-31
/the-world-factbook/countries/turkey-turkiye,Turkey (Turkiye),2019,United Kingdom,0.06,exports,2023-03-31
/the-world-factbook/countries/turkey-turkiye,Turkey (Turkiye),2019,Iraq,0.05,exports,2023-03-31
/the-world-factbook/countries/turkey-turkiye,Turkey (Turkiye),2019,Italy,0.05,exports,2023-03-31
/the-world-factbook/countries/turkey-turkiye,Turkey (Turkiye),2019,United States,0.05,exports,2023-03-31
/the-world-factbook/countries/turkmenistan,Turkmenistan,2019,China,0.82,exports,2023-03-31
/the-world-factbook/countries/turks-and-caicos-islands,Turks and Caicos Islands,2019,France,0.31,exports,2023-03-31
/the-world-factbook/countries/turks-and-caicos-islands,Turks and Caicos Islands,2019,United States,0.16,exports,2023-03-31
/the-world-factbook/countries/turks-and-caicos-islands,Turks and Caicos Islands,2019,Zambia,0.13,exports,2023-03-31
/the-world-factbook/countries/turks-and-caicos-islands,Turks and Caicos Islands,2019,Singapore,0.09,exports,2023-03-31
/the-world-factbook/countries/turks-and-caicos-islands,Turks and Caicos Islands,2019,Republic of the Congo,0.08,exports,2023-03-31
/the-world-factbook/countries/tuvalu,Tuvalu,2019,Thailand,0.5,exports,2023-03-31
/the-world-factbook/countries/tuvalu,Tuvalu,2019,Indonesia,0.4,exports,2023-03-31
/the-world-factbook/countries/uganda,Uganda,2019,United Arab Emirates,0.58,exports,2023-03-31
/the-world-factbook/countries/uganda,Uganda,2019,Kenya,0.09,exports,2023-03-31
/the-world-factbook/countries/ukraine,Ukraine,2019,Russia,0.09,exports,2023-03-31
/the-world-factbook/countries/ukraine,Ukraine,2019,China,0.08,exports,2023-03-31
/the-world-factbook/countries/ukraine,Ukraine,2019,Germany,0.06,exports,2023-03-31
/the-world-factbook/countries/ukraine,Ukraine,2019,Poland,0.06,exports,2023-03-31
/the-world-factbook/countries/ukraine,Ukraine,2019,Italy,0.05,exports,2023-03-31
/the-world-factbook/countries/ukraine,Ukraine,2019,Turkey,0.05,exports,2023-03-31
/the-world-factbook/countries/united-arab-emirates,United Arab Emirates,2019,India,0.11,exports,2023-03-31
/the-world-factbook/countries/united-arab-emirates,United Arab Emirates,2019,Japan,0.1,exports,2023-03-31
/the-world-factbook/countries/united-arab-emirates,United Arab Emirates,2019,Saudi Arabia,0.07,exports,2023-03-31
/the-world-factbook/countries/united-arab-emirates,United Arab Emirates,2019,Switzerland,0.06,exports,2023-03-31
/the-world-factbook/countries/united-arab-emirates,United Arab Emirates,2019,China,0.06,exports,2023-03-31
/the-world-factbook/countries/united-arab-emirates,United Arab Emirates,2019,Iraq,0.06,exports,2023-03-31
/the-world-factbook/countries/united-kingdom,United Kingdom,2019,United States,0.15,exports,2023-03-31
/the-world-factbook/countries/united-kingdom,United Kingdom,2019,Germany,0.1,exports,2023-03-31
/the-world-factbook/countries/united-kingdom,United Kingdom,2019,China,0.07,exports,2023-03-31
/the-world-factbook/countries/united-kingdom,United Kingdom,2019,France,0.07,exports,2023-03-31
/the-world-factbook/countries/united-kingdom,United Kingdom,2019,Netherlands,0.07,exports,2023-03-31
/the-world-factbook/countries/united-kingdom,United Kingdom,2019,Ireland,0.06,exports,2023-03-31
/the-world-factbook/countries/united-states,United States,2019,Canada,0.17,exports,2023-03-31
/the-world-factbook/countries/united-states,United States,2019,Mexico,0.16,exports,2023-03-31
/the-world-factbook/countries/united-states,United States,2019,China,0.07,exports,2023-03-31
/the-world-factbook/countries/united-states,United States,2019,Japan,0.05,exports,2023-03-31
/the-world-factbook/countries/uruguay,Uruguay,2019,China,0.29,exports,2023-03-31
/the-world-factbook/countries/uruguay,Uruguay,2019,Brazil,0.12,exports,2023-03-31
/the-world-factbook/countries/uruguay,Uruguay,2019,United States,0.05,exports,2023-03-31
/the-world-factbook/countries/uruguay,Uruguay,2019,Netherlands,0.05,exports,2023-03-31
/the-world-factbook/countries/uruguay,Uruguay,2019,Argentina,0.05,exports,2023-03-31
/the-world-factbook/countries/uzbekistan,Uzbekistan,2019,Switzerland,0.19,exports,2023-03-31
/the-world-factbook/countries/uzbekistan,Uzbekistan,2019,United Kingdom,0.17,exports,2023-03-31
/the-world-factbook/countries/uzbekistan,Uzbekistan,2019,Russia,0.15,exports,2023-03-31
/the-world-factbook/countries/uzbekistan,Uzbekistan,2019,China,0.14,exports,2023-03-31
/the-world-factbook/countries/uzbekistan,Uzbekistan,2019,Kazakhstan,0.09,exports,2023-03-31
/the-world-factbook/countries/uzbekistan,Uzbekistan,2019,Turkey,0.08,exports,2023-03-31
/the-world-factbook/countries/uzbekistan,Uzbekistan,2019,Kyrgyzstan,0.05,exports,2023-03-31
/the-world-factbook/countries/vanuatu,Vanuatu,2019,Japan,0.33,exports,2023-03-31
/the-world-factbook/countries/vanuatu,Vanuatu,2019,Thailand,0.13,exports,2023-03-31
/the-world-factbook/countries/vanuatu,Vanuatu,2019,Mauritania,0.13,exports,2023-03-31
/the-world-factbook/countries/vanuatu,Vanuatu,2019,South Korea,0.11,exports,2023-03-31
/the-world-factbook/countries/vanuatu,Vanuatu,2019,China,0.09,exports,2023-03-31
/the-world-factbook/countries/vanuatu,Vanuatu,2019,Fiji,0.07,exports,2023-03-31
/the-world-factbook/countries/venezuela,Venezuela,2019,India,0.34,exports,2023-03-31
/the-world-factbook/countries/venezuela,Venezuela,2019,China,0.28,exports,2023-03-31
/the-world-factbook/countries/venezuela,Venezuela,2019,United States,0.12,exports,2023-03-31
/the-world-factbook/countries/venezuela,Venezuela,2019,Spain,0.06,exports,2023-03-31
/the-world-factbook/countries/vietnam,Vietnam,2019,United States,0.23,exports,2023-03-31
/the-world-factbook/countries/vietnam,Vietnam,2019,China,0.14,exports,2023-03-31
/the-world-factbook/countries/vietnam,Vietnam,2019,Japan,0.08,exports,2023-03-31
/the-world-factbook/countries/vietnam,Vietnam,2019,South Korea,0.07,exports,2023-03-31
/the-world-factbook/countries/virgin-islands,Virgin Islands,2019,Haiti,0.14,exports,2023-03-31
/the-world-factbook/countries/virgin-islands,Virgin Islands,2019,Guadeloupe,0.07,exports,2023-03-31
/the-world-factbook/countries/virgin-islands,Virgin Islands,2019,Malaysia,0.07,exports,2023-03-31
/the-world-factbook/countries/virgin-islands,Virgin Islands,2019,Martinique,0.07,exports,2023-03-31
/the-world-factbook/countries/virgin-islands,Virgin Islands,2019,Barbados,0.07,exports,2023-03-31
/the-world-factbook/countries/virgin-islands,Virgin Islands,2019,British Virgin Islands,0.05,exports,2023-03-31
/the-world-factbook/countries/wallis-and-futuna,Wallis and Futuna,2019,Singapore,0.47,exports,2023-03-31
/the-world-factbook/countries/wallis-and-futuna,Wallis and Futuna,2019,France,0.32,exports,2023-03-31
/the-world-factbook/countries/wallis-and-futuna,Wallis and Futuna,2019,Belgium,0.09,exports,2023-03-31
/the-world-factbook/countries/yemen,Yemen,2019,China,0.53,exports,2023-03-31
/the-world-factbook/countries/yemen,Yemen,2019,Saudi Arabia,0.1,exports,2023-03-31
/the-world-factbook/countries/yemen,Yemen,2019,United Arab Emirates,0.07,exports,2023-03-31
/the-world-factbook/countries/yemen,Yemen,2019,Australia,0.05,exports,2023-03-31
/the-world-factbook/countries/zambia,Zambia,2020,Switzerland,0.32,exports,2023-03-31
/the-world-factbook/countries/zambia,Zambia,2020,China,0.14,exports,2023-03-31
/the-world-factbook/countries/zambia,Zambia,2020,Namibia,0.12,exports,2023-03-31
/the-world-factbook/countries/zambia,Zambia,2020,Democratic Republic of the Congo,0.09,exports,2023-03-31
/the-world-factbook/countries/zambia,Zambia,2020,Singapore,0.08,exports,2023-03-31
/the-world-factbook/countries/zimbabwe,Zimbabwe,2019,United Arab Emirates,0.4,exports,2023-03-31
/the-world-factbook/countries/zimbabwe,Zimbabwe,2019,South Africa,0.23,exports,2023-03-31
/the-world-factbook/countries/zimbabwe,Zimbabwe,2019,Mozambique,0.09,exports,2023-03-31
